DiM,진화 전,진화 후,세대,속성,바이탈,PP/트로피,배틀수,승률,진화시간
감마몬🚧,구리몬,감마몬,성장기,바이러스,,,-,-,1시간
감마몬🚧,감마몬,그루스감마몬,성숙기,바이러스,0,0,-,-,24시간
감마몬🚧,감마몬,베텔감마몬,성숙기,백신,1100,10,-,-,24시간
감마몬🚧,감마몬,웨즌감마몬,성숙기,데이터,600,5,-,-,24시간
감마몬🚧,감마몬,카우스감마몬,성숙기,데이터,900,8,-,-,24시간
감마몬🚧,카우스감마몬,길리두몬,완전체,데이터,2500,10,-,-,36시간
감마몬🚧,웨즌감마몬,길리두몬,완전체,데이터,2500,10,-,-,36시간
감마몬🚧,그루스감마몬,레굴루스몬,완전체,바이러스,3500,15,-,-,36시간
감마몬🚧,베텔감마몬,보머몬,완전체,바이러스,,,-,-,36시간
감마몬🚧,웨즌감마몬,보머몬,완전체,바이러스,,,-,-,36시간
감마몬🚧,웨즌감마몬,잔메츠몬,완전체,바이러스,3000,12,-,-,36시간
감마몬🚧,그루스감마몬,잔메츠몬,완전체,바이러스,3000,12,-,-,36시간
감마몬🚧,베텔감마몬,카노바이스몬,완전체,백신,3000,12,-,-,36시간
감마몬🚧,카우스감마몬,카노바이스몬,완전체,백신,3000,12,-,-,36시간
감마몬🚧,베텔감마몬,후우마몬,완전체,데이터,1500,6,-,-,36시간
감마몬🚧,카우스감마몬,후우마몬,완전체,데이터,1500,6,-,-,36시간
감마몬🚧,잔메츠몬,스피노몬,궁극체,바이러스,4500,15,-,-,불명
감마몬🚧,보머몬,스피노몬,궁극체,바이러스,4500,15,-,-,불명
감마몬🚧,길리두몬,시리우스몬,궁극체,백신,5000,20,-,-,48시간
감마몬🚧,카노바이스몬,시리우스몬,궁극체,백신,5000,20,-,-,48시간
감마몬🚧,레굴루스몬,아크투루스몬,궁극체,바이러스,7000,20,-,-,48시간
감마몬🚧,잔메츠몬,아크투루스몬,궁극체,바이러스,7000,20,-,-,48시간
감마몬🚧,후우마몬,이지스드라몬,궁극체,백신,4500,10,-,-,48시간
감마몬🚧,길리두몬,이지스드라몬,궁극체,백신,4500,10,-,-,48시간
감마몬🚧,시리우스몬,프록시마몬,초궁극체,바이러스,8000,30,-,-,-
감마몬🚧,아크투루스몬,프록시마몬,초궁극체,바이러스,8000,30,-,-,-
감마몬🚧,쿠리몬,구리몬,유년기 II,백신,,,-,-,1시간
감마몬🚧,쿠리몬알,쿠리몬,유년기 I,백신,,,-,-,1시간
길몬 EX,기기몬,길몬,성장기,바이러스,,,-,-,1시간
길몬 EX,길몬,그라우몬,성숙기,바이러스,1300,10,-,-,24시간
길몬 EX,길몬,그라우몬(황),성숙기,데이터,900,8,-,-,24시간
길몬 EX,길몬,데블드라몬,성숙기,바이러스,0,0,-,-,24시간
길몬 EX,길몬,시사몬,성숙기,백신,600,85,-,-,24시간
길몬 EX,시사몬,마지라몬,완전체,데이터,2500,10,-,-,36시간
길몬 EX,데블드라몬,마지라몬,완전체,데이터,2500,10,-,-,36시간
길몬 EX,그라우몬(황),메가로그라우몬,완전체,바이러스,3000,12,-,-,36시간
길몬 EX,그라우몬,메가로그라우몬,완전체,바이러스,3000,12,-,-,36시간
길몬 EX,그라우몬(황),메가로그라우몬(황),완전체,데이터,2500,10,-,-,36시간
길몬 EX,그라우몬,메가로그라우몬(황),완전체,데이터,2500,10,-,-,36시간
길몬 EX,시사몬,미히라몬,완전체,데이터,2500,10,-,-,36시간
길몬 EX,그라우몬(황),미히라몬,완전체,데이터,2500,10,-,-,36시간
길몬 EX,시사몬,바지라몬,완전체,백신,3000,12,-,-,36시간
길몬 EX,데블드라몬,바지라몬,완전체,백신,3000,12,-,-,36시간
길몬 EX,데블드라몬,산티라몬,완전체,바이러스,2000,8,-,-,36시간
길몬 EX,그라우몬,산티라몬,완전체,바이러스,2000,8,-,-,36시간
길몬 EX,바지라몬,듀크몬,궁극체,바이러스,5000,20,-,-,48시간
길몬 EX,메가로그라우몬(황),듀크몬,궁극체,바이러스,5000,20,-,-,48시간
길몬 EX,미히라몬,듀크몬,궁극체,바이러스,5000,20,-,-,48시간
길몬 EX,메가로그라우몬,듀크몬,궁극체,바이러스,5000,20,-,-,48시간
길몬 EX,마지라몬,메기드라몬,궁극체,바이러스,7000,20,-,-,48시간
길몬 EX,산티라몬,메기드라몬,궁극체,바이러스,7000,20,-,-,48시간
길몬 EX,바지라몬,메디벌듀크몬,궁극체,데이터,4500,15,-,-,48시간
길몬 EX,메가로그라우몬(황),메디벌듀크몬,궁극체,데이터,4500,15,-,-,48시간
길몬 EX,마지라몬,메디벌듀크몬,궁극체,데이터,4500,15,-,-,48시간
길몬 EX,미히라몬,카오스듀크몬,궁극체,바이러스,4500,15,-,-,48시간
길몬 EX,메가로그라우몬,카오스듀크몬,궁극체,바이러스,4500,15,-,-,48시간
길몬 EX,산티라몬,카오스듀크몬,궁극체,바이러스,4500,15,-,-,48시간
길몬 EX,듀크몬,듀크몬(X항체),초궁극체,바이러스,8000,30,-,-,-
길몬 EX,듀크몬,듀크몬: 크림슨 모드,초궁극체,바이러스,8000,30,-,-,-
길몬 EX,쟈리몬,기기몬,유년기 II,백신,,,-,-,1시간
길몬 EX,쟈리몬 알,쟈리몬,유년기 I,백신,,,-,-,1시간
다이너스티 오브 디 이블(임프몬)🚧,야몬,임프몬,성장기,바이러스,,,-,-,1시간
다이너스티 오브 디 이블(임프몬)🚧,임프몬,고스몬,성숙기,바이러스,,,-,-,불명
다이너스티 오브 디 이블(임프몬)🚧,임프몬,데블몬,성숙기,바이러스,600,5,-,-,24시간
다이너스티 오브 디 이블(임프몬)🚧,임프몬,블랙버드라몬,성숙기,백신,1300,10,-,-,24시간
다이너스티 오브 디 이블(임프몬)🚧,임프몬,위자몬,성숙기,데이터,900,8,-,-,24시간
다이너스티 오브 디 이블(임프몬)🚧,블랙버드라몬,묘티스몬,완전체,바이러스,2500,10,-,-,36시간
다이너스티 오브 디 이블(임프몬)🚧,데블몬,묘티스몬,완전체,바이러스,2500,10,-,-,36시간
다이너스티 오브 디 이블(임프몬)🚧,데블몬,바알몬,완전체,프리,3000,12,-,-,36시간
다이너스티 오브 디 이블(임프몬)🚧,위자몬,바알몬,완전체,프리,3000,12,-,-,36시간
다이너스티 오브 디 이블(임프몬)🚧,블랙버드라몬,사이버드라몬(2010),완전체,백신,,,-,-,불명
다이너스티 오브 디 이블(임프몬)🚧,고스몬,사이버드라몬(2010),완전체,백신,,,-,-,불명
다이너스티 오브 디 이블(임프몬)🚧,데블몬,조커몬,완전체,바이러스,2000,8,-,-,36시간
다이너스티 오브 디 이블(임프몬)🚧,위자몬,조커몬,완전체,바이러스,2000,8,-,-,36시간
다이너스티 오브 디 이블(임프몬)🚧,블랙버드라몬,팬텀몬,완전체,바이러스,,,-,-,불명
다이너스티 오브 디 이블(임프몬)🚧,고스몬,팬텀몬,완전체,바이러스,,,-,-,불명
다이너스티 오브 디 이블(임프몬)🚧,고스몬,펌프몬,완전체,데이터,2000,8,-,-,36시간
다이너스티 오브 디 이블(임프몬)🚧,위자몬,펌프몬,완전체,데이터,2000,8,-,-,36시간
다이너스티 오브 디 이블(임프몬)🚧,사이버드라몬(2010),네오묘티스몬,궁극체,바이러스,1200,8,-,-,불명
다이너스티 오브 디 이블(임프몬)🚧,팬텀몬,네오묘티스몬,궁극체,바이러스,1200,8,-,-,불명
다이너스티 오브 디 이블(임프몬)🚧,묘티스몬,네오묘티스몬,궁극체,바이러스,1200,8,-,-,불명
다이너스티 오브 디 이블(임프몬)🚧,팬텀몬,노블펌프몬,궁극체,데이터,4500,10,-,-,48시간
다이너스티 오브 디 이블(임프몬)🚧,바알몬,노블펌프몬,궁극체,데이터,4500,10,-,-,48시간
다이너스티 오브 디 이블(임프몬)🚧,펌프몬,노블펌프몬,궁극체,데이터,4500,10,-,-,48시간
다이너스티 오브 디 이블(임프몬)🚧,조커몬,베르스타몬,궁극체,바이러스,4500,15,-,-,48시간
다이너스티 오브 디 이블(임프몬)🚧,바알몬,베르제브몬,궁극체,바이러스,4500,15,-,-,48시간
다이너스티 오브 디 이블(임프몬)🚧,사이버드라몬(2010),베르제브몬(2010),궁극체,바이러스,,,-,-,불명
다이너스티 오브 디 이블(임프몬)🚧,묘티스몬,피에몬,궁극체,바이러스,5000,20,-,-,48시간
다이너스티 오브 디 이블(임프몬)🚧,펌프몬,피에몬,궁극체,바이러스,5000,20,-,-,48시간
다이너스티 오브 디 이블(임프몬)🚧,조커몬,피에몬,궁극체,바이러스,5000,20,-,-,48시간
다이너스티 오브 디 이블(임프몬)🚧,베르제브몬,베르제브몬: 블래스트 모드,초궁극체,바이러스,8000,30,-,-,-
다이너스티 오브 디 이블(임프몬)🚧,키몬,야몬,유년기 II,백신,,,-,-,1시간
다이너스티 오브 디 이블(임프몬)🚧,키몬 알,키몬,유년기 I,백신,,,-,-,1시간
도루몬🚧,도리몬,도루몬,성장기,데이터,,,-,-,1시간
도루몬🚧,도루몬,데크스도루가몬,성숙기,바이러스,,,-,-,불명
도루몬🚧,도루몬,도루가몬,성숙기,데이터,1300,10,-,-,24시간
도루몬🚧,도루몬,라프타드라몬,성숙기,백신,,,-,-,불명
도루몬🚧,도루몬,상굴몬,성숙기,바이러스,,,-,-,불명
도루몬🚧,도루가몬,그레이드몬,완전체,백신,,,-,-,불명
도루몬🚧,라프타드라몬,그레이드몬,완전체,백신,,,-,-,불명
도루몬🚧,도루가몬,나이트몬,완전체,데이터,,,-,-,불명
도루몬🚧,상굴몬,나이트몬,완전체,데이터,,,-,-,불명
도루몬🚧,상굴몬,데크스도루그레몬,완전체,바이러스,,,-,-,불명
도루몬🚧,데크스도루가몬,데크스도루그레몬,완전체,바이러스,,,-,-,불명
도루몬🚧,도루가몬,도루그레몬,완전체,데이터,2500,10,-,-,36시간
도루몬🚧,라프타드라몬,도루그레몬,완전체,데이터,2500,10,-,-,36시간
도루몬🚧,상굴몬,메피스몬,완전체,바이러스,,,-,-,불명
도루몬🚧,데크스도루가몬,메피스몬,완전체,바이러스,,,-,-,불명
도루몬🚧,라프타드라몬,아스타몬,완전체,바이러스,2000,8,-,-,36시간
도루몬🚧,데크스도루가몬,아스타몬,완전체,바이러스,2000,8,-,-,36시간
도루몬🚧,나이트몬,그란드라큐몬,궁극체,바이러스,,,-,-,불명
도루몬🚧,아스타몬,그란드라큐몬,궁극체,바이러스,,,-,-,불명
도루몬🚧,메피스몬,그란드라큐몬,궁극체,바이러스,,,-,-,불명
도루몬🚧,아스타몬,데크스도루고라몬,궁극체,바이러스,,,-,-,불명
도루몬🚧,메피스몬,데크스도루고라몬,궁극체,바이러스,,,-,-,불명
도루몬🚧,데크스도루그레몬,데크스도루고라몬,궁극체,바이러스,,,-,-,불명
도루몬🚧,도루그레몬,도루고라몬,궁극체,데이터,5000,20,-,-,48시간
도루몬🚧,그레이드몬,도루고라몬,궁극체,데이터,5000,20,-,-,48시간
도루몬🚧,나이트몬,도루고라몬,궁극체,데이터,5000,20,-,-,48시간
도루몬🚧,도루그레몬,알파몬,궁극체,백신,7000,20,-,-,48시간
도루몬🚧,그레이드몬,알파몬,궁극체,백신,7000,20,-,-,48시간
도루몬🚧,나이트몬,알파몬,궁극체,백신,7000,20,-,-,48시간
도루몬🚧,알파몬,알파몬: 왕룡검,초궁극체,백신,8000,30,-,-,-
도루몬🚧,도도몬 알,도도몬,유년기 I,백신,,,-,-,1시간
도루몬🚧,도도몬,도리몬,유년기 II,백신,,,-,-,1시간
드라코닉 블레이즈(드라코몬)🚧,베이비드몬,드라코몬,성장기,데이터,,,-,-,1시간
드라코닉 블레이즈(드라코몬)🚧,드라코몬,다크티라노몬,성숙기,바이러스,1300,10,-,-,불명
드라코닉 블레이즈(드라코몬)🚧,드라코몬,코어드라몬(녹),성숙기,바이러스,,,-,-,24시간
드라코닉 블레이즈(드라코몬)🚧,드라코몬,코어드라몬(청),성숙기,백신,900,8,-,-,24시간
드라코닉 블레이즈(드라코몬)🚧,드라코몬,태스크몬,성숙기,바이러스,600,5,-,-,24시간
드라코닉 블레이즈(드라코몬)🚧,코어드라몬(녹),그라운드라몬,완전체,바이러스,,,-,-,불명
드라코닉 블레이즈(드라코몬)🚧,태스크몬,그라운드라몬,완전체,바이러스,,,-,-,불명
드라코닉 블레이즈(드라코몬)🚧,코어드라몬(청),기가드라몬,완전체,바이러스,,,-,-,불명
드라코닉 블레이즈(드라코몬)🚧,다크티라노몬,기가드라몬,완전체,바이러스,,,-,-,불명
드라코닉 블레이즈(드라코몬)🚧,코어드라몬(청),메가드라몬,완전체,바이러스,,,-,-,불명
드라코닉 블레이즈(드라코몬)🚧,코어드라몬(녹),메가드라몬,완전체,바이러스,,,-,-,불명
드라코닉 블레이즈(드라코몬)🚧,다크티라노몬,메탈티라노몬,완전체,바이러스,2500,10,-,-,36시간
드라코닉 블레이즈(드라코몬)🚧,태스크몬,메탈티라노몬,완전체,바이러스,2500,10,-,-,36시간
드라코닉 블레이즈(드라코몬)🚧,코어드라몬(청),윙드라몬,완전체,백신,3000,12,-,-,36시간
드라코닉 블레이즈(드라코몬)🚧,코어드라몬(녹),윙드라몬,완전체,백신,3000,12,-,-,36시간
드라코닉 블레이즈(드라코몬)🚧,다크티라노몬,키메라몬,완전체,데이터,3000,12,-,-,36시간
드라코닉 블레이즈(드라코몬)🚧,태스크몬,키메라몬,완전체,데이터,3000,12,-,-,36시간
드라코닉 블레이즈(드라코몬)🚧,메가드라몬,다크드라몬,궁극체,바이러스,,,-,-,불명
드라코닉 블레이즈(드라코몬)🚧,기가드라몬,다크드라몬,궁극체,바이러스,,,-,-,불명
드라코닉 블레이즈(드라코몬)🚧,키메라몬,다크드라몬,궁극체,바이러스,,,-,-,불명
드라코닉 블레이즈(드라코몬)🚧,윙드라몬,브레이크드라몬,궁극체,바이러스,4500,15,-,-,48시간
드라코닉 블레이즈(드라코몬)🚧,메가드라몬,브레이크드라몬,궁극체,바이러스,4500,15,-,-,48시간
드라코닉 블레이즈(드라코몬)🚧,메탈티라노몬,브레이크드라몬,궁극체,바이러스,4500,15,-,-,48시간
드라코닉 블레이즈(드라코몬)🚧,윙드라몬,슬레이어드라몬,궁극체,백신,5000,20,-,-,48시간
드라코닉 블레이즈(드라코몬)🚧,그라운드라몬,슬레이어드라몬,궁극체,백신,5000,20,-,-,48시간
드라코닉 블레이즈(드라코몬)🚧,기가드라몬,슬레이어드라몬,궁극체,백신,5000,20,-,-,48시간
드라코닉 블레이즈(드라코몬)🚧,그라운드라몬,얼티메이트브라키몬,궁극체,데이터,4500,15,-,-,48시간
드라코닉 블레이즈(드라코몬)🚧,메탈티라노몬,얼티메이트브라키몬,궁극체,데이터,4500,15,-,-,48시간
드라코닉 블레이즈(드라코몬)🚧,키메라몬,얼티메이트브라키몬,궁극체,데이터,4500,15,-,-,48시간
드라코닉 블레이즈(드라코몬)🚧,슬레이어드라몬,엑자몬,초궁극체,데이터,,30,-,-,-
드라코닉 블레이즈(드라코몬)🚧,브레이크드라몬,엑자몬,초궁극체,데이터,,30,-,-,-
드라코닉 블레이즈(드라코몬)🚧,쁘띠몬,베이비드몬,유년기 II,백신,,,-,-,1시간
드라코닉 블레이즈(드라코몬)🚧,쁘띠몬 알,쁘띠몬,유년기 I,백신,,,-,-,1시간
레베몬 EX🚧,프리몬,가지몬,성장기,바이러스,,,-,-,1시간
레베몬 EX🚧,프리몬,레오르몬,성장기,백신,,,-,-,1시간
레베몬 EX🚧,가지몬,더스크몬,성숙기,프리,1300,10,-,-,24시간
레베몬 EX🚧,레오르몬,라이아몬,성숙기,백신,,,-,-,불명
레베몬 EX🚧,레오르몬,레베몬,성숙기,프리,,,-,-,불명
레베몬 EX🚧,가지몬,매드레오몬,성숙기,바이러스,,,-,-,24시간
레베몬 EX🚧,레베몬,라이히몬,완전체,프리,,,-,-,불명
레베몬 EX🚧,라이아몬,로더레오몬,완전체,백신,,,-,-,불명
레베몬 EX🚧,매드레오몬,로더레오몬,완전체,백신,,,-,-,불명
레베몬 EX🚧,더스크몬,베르그몬,완전체,프리,3000,12,-,-,36시간
레베몬 EX🚧,매드레오몬,스컬사탄몬,완전체,바이러스,,,-,-,불명
레베몬 EX🚧,더스크몬,스컬사탄몬,완전체,바이러스,,,-,-,불명
레베몬 EX🚧,레베몬,카이저레오몬,완전체,프리,,,-,-,불명
레베몬 EX🚧,라이아몬,카이저레오몬,완전체,프리,,,-,-,불명
레베몬 EX🚧,라이히몬,다이노타이거몬,궁극체,데이터,,,-,-,불명
레베몬 EX🚧,베르그몬,다이노타이거몬,궁극체,데이터,,,-,-,불명
레베몬 EX🚧,스컬사탄몬,다이노타이거몬,궁극체,데이터,,,-,-,불명
레베몬 EX🚧,베르그몬,데스몬,궁극체,데이터,,,-,-,불명
레베몬 EX🚧,스컬사탄몬,데스몬,궁극체,데이터,,,-,-,불명
레베몬 EX🚧,카이저레오몬,샤벨레오몬,궁극체,데이터,,,-,-,불명
레베몬 EX🚧,로더레오몬,샤벨레오몬,궁극체,데이터,,,-,-,불명
레베몬 EX🚧,카이저레오몬,에이션트스핑크스몬,궁극체,바이러스,,,-,-,불명
레베몬 EX🚧,로더레오몬,에이션트스핑크스몬,궁극체,바이러스,,,-,-,불명
레베몬 EX🚧,라이히몬,에이션트스핑크스몬,궁극체,바이러스,,,-,-,불명
레베몬 EX🚧,포포몬 알,포포몬,유년기 I,백신,,,-,-,1시간
레베몬 EX🚧,포포몬,프리몬,유년기 II,백신,,,-,-,1시간
루도몬🚧,캇킨몬,루도몬,성장기,데이터,,,-,-,1시간
루도몬🚧,캇킨몬,코만드라몬,성장기,바이러스,,,-,-,1시간
루도몬🚧,루도몬,델타몬,성숙기,바이러스,,,-,-,24시간
루도몬🚧,코만드라몬,델타몬,성숙기,바이러스,,,-,-,24시간
루도몬🚧,루도몬,실즈드라몬,성숙기,바이러스,900,8,-,-,24시간
루도몬🚧,코만드라몬,실즈드라몬,성숙기,바이러스,900,8,-,-,24시간
루도몬🚧,루도몬,티아루도몬,성숙기,데이터,1300,10,-,-,24시간
루도몬🚧,코만드라몬,하이코만드라몬,성숙기,바이러스,1300,10,-,-,24시간
루도몬🚧,티아루도몬,디지타몬,완전체,데이터,2500,10,-,-,36시간
루도몬🚧,델타몬,디지타몬,완전체,데이터,2500,10,-,-,36시간
루도몬🚧,티아루도몬,라이지루도몬,완전체,데이터,3000,12,-,-,36시간
루도몬🚧,실즈드라몬,라이지루도몬,완전체,데이터,3000,12,-,-,36시간
루도몬🚧,실즈드라몬,만티코어몬,완전체,바이러스,2000,8,-,-,36시간
루도몬🚧,델타몬,만티코어몬,완전체,바이러스,2000,8,-,-,36시간
루도몬🚧,실즈드라몬,카고드라몬,완전체,바이러스,,,-,-,불명
루도몬🚧,하이코만드라몬,카고드라몬,완전체,바이러스,,,-,-,불명
루도몬🚧,델타몬,탱크드라몬,완전체,바이러스,3000,12,-,-,36시간
루도몬🚧,하이코만드라몬,탱크드라몬,완전체,바이러스,3000,12,-,-,36시간
루도몬🚧,만티코어몬,다크드라몬,궁극체,바이러스,,,-,-,불명
루도몬🚧,탱크드라몬,다크드라몬,궁극체,바이러스,,,-,-,불명
루도몬🚧,디지타몬,데블타몬,궁극체,데이터,,,-,-,불명
루도몬🚧,만티코어몬,데블타몬,궁극체,데이터,,,-,-,불명
루도몬🚧,카고드라몬,브리가드라몬,궁극체,바이러스,,,-,-,불명
루도몬🚧,탱크드라몬,브리가드라몬,궁극체,바이러스,,,-,-,불명
루도몬🚧,라이지루도몬,브리웨루드라몬,궁극체,데이터,5000,20,-,-,48시간
루도몬🚧,카고드라몬,브리웨루드라몬,궁극체,데이터,5000,20,-,-,48시간
루도몬🚧,브리웨루드라몬,라그나로드몬,초궁극체,바이러스,8000,30,-,-,-
루도몬🚧,코츠코몬,캇킨몬,유년기 II,백신,,,-,-,1시간
루도몬🚧,코츠코몬 알,코츠코몬,유년기 I,백신,,,-,-,1시간
미스틱 페더(피요몬)🚧,어니몬,팔코몬(2006),성장기,백신,,,-,-,1시간
미스틱 페더(피요몬)🚧,어니몬,피요몬,성장기,백신,,,-,-,1시간
미스틱 페더(피요몬)🚧,피요몬,버드라몬,성숙기,백신,1300,10,-,-,24시간
미스틱 페더(피요몬)🚧,피요몬,썬더버드몬,성숙기,데이터,900,8,-,-,24시간
미스틱 페더(피요몬)🚧,팔코몬(2006),썬더버드몬,성숙기,데이터,900,8,-,-,24시간
미스틱 페더(피요몬)🚧,피요몬,키위몬,성숙기,데이터,0,0,-,-,24시간
미스틱 페더(피요몬)🚧,팔코몬(2006),키위몬,성숙기,데이터,0,0,-,-,24시간
미스틱 페더(피요몬)🚧,팔코몬(2006),펙크몬,성숙기,백신,1300,10,-,-,24시간
미스틱 페더(피요몬)🚧,버드라몬,가루다몬,완전체,백신,1200,8,-,-,불명
미스틱 페더(피요몬)🚧,키위몬,가루다몬,완전체,백신,1200,8,-,-,불명
미스틱 페더(피요몬)🚧,버드라몬,뿌띠몬,완전체,데이터,1200,8,-,-,불명
미스틱 페더(피요몬)🚧,키위몬,뿌띠몬,완전체,데이터,1200,8,-,-,불명
미스틱 페더(피요몬)🚧,키위몬,신드라몬,완전체,데이터,2000,8,-,-,36시간
미스틱 페더(피요몬)🚧,펙크몬,신드라몬,완전체,데이터,2000,8,-,-,36시간
미스틱 페더(피요몬)🚧,썬더버드몬,야타가라몬(2006),완전체,백신,1200,8,-,-,불명
미스틱 페더(피요몬)🚧,펙크몬,야타가라몬(2006),완전체,백신,1200,8,-,-,불명
미스틱 페더(피요몬)🚧,썬더버드몬,크로우몬,완전체,바이러스,1200,8,-,-,불명
미스틱 페더(피요몬)🚧,펙크몬,크로우몬,완전체,바이러스,1200,8,-,-,불명
미스틱 페더(피요몬)🚧,버드라몬,패롯몬,완전체,백신,3000,12,-,-,불명
미스틱 페더(피요몬)🚧,썬더버드몬,패롯몬,완전체,백신,3000,12,-,-,불명
미스틱 페더(피요몬)🚧,패롯몬,레이브몬,궁극체,백신,1200,8,-,-,불명
미스틱 페더(피요몬)🚧,크로우몬,레이브몬,궁극체,백신,1200,8,-,-,불명
미스틱 페더(피요몬)🚧,야타가라몬(2006),레이브몬,궁극체,백신,1200,8,-,-,불명
미스틱 페더(피요몬)🚧,뿌띠몬,발두르몬,궁극체,백신,1200,8,-,-,불명
미스틱 페더(피요몬)🚧,크로우몬,발두르몬,궁극체,백신,1200,8,-,-,불명
미스틱 페더(피요몬)🚧,야타가라몬(2006),발두르몬,궁극체,백신,1200,8,-,-,불명
미스틱 페더(피요몬)🚧,가루다몬,주작몬,궁극체,바이러스,1200,8,-,-,불명
미스틱 페더(피요몬)🚧,뿌띠몬,주작몬,궁극체,바이러스,1200,8,-,-,불명
미스틱 페더(피요몬)🚧,신드라몬,주작몬,궁극체,바이러스,1200,8,-,-,불명
미스틱 페더(피요몬)🚧,패롯몬,호루스몬,궁극체,프리,1200,8,-,-,불명
미스틱 페더(피요몬)🚧,가루다몬,호루스몬,궁극체,프리,1200,8,-,-,불명
미스틱 페더(피요몬)🚧,신드라몬,호루스몬,궁극체,프리,1200,8,-,-,불명
미스틱 페더(피요몬)🚧,레이브몬,레이브몬: 버스트 모드,초궁극체,백신,1200,8,-,-,불명
미스틱 페더(피요몬)🚧,새싹몬 알,새싹몬,유년기 I,백신,,,-,-,1시간
미스틱 페더(피요몬)🚧,새싹몬,어니몬,유년기 II,백신,,,-,-,1시간
솔라 세이버즈(아구몬s)🚧,코로몬,아구몬(2006),성장기,백신,,,-,-,1시간
솔라 세이버즈(아구몬s)🚧,아구몬(2006),그레이몬O,성숙기,바이러스,900,3,-,-,24시간
솔라 세이버즈(아구몬s)🚧,아구몬(2006),사이크로몬,성숙기,바이러스,,,-,-,24시간
솔라 세이버즈(아구몬s)🚧,아구몬(2006),지오그레이몬,성숙기,백신,,,-,-,불명
솔라 세이버즈(아구몬s)🚧,아구몬(2006),티라노몬,성숙기,데이터,,,-,-,불명
솔라 세이버즈(아구몬s)🚧,지오그레이몬,라이즈그레이몬,완전체,백신,,,-,-,36시간
솔라 세이버즈(아구몬s)🚧,그레이몬O,라이즈그레이몬,완전체,백신,,,-,-,36시간
솔라 세이버즈(아구몬s)🚧,그레이몬O,마스터티라노몬,완전체,백신,,,-,-,불명
솔라 세이버즈(아구몬s)🚧,티라노몬,마스터티라노몬,완전체,백신,,,-,-,불명
솔라 세이버즈(아구몬s)🚧,지오그레이몬,브라키몬,완전체,데이터,,,-,-,불명
솔라 세이버즈(아구몬s)🚧,티라노몬,브라키몬,완전체,데이터,,,-,-,불명
솔라 세이버즈(아구몬s)🚧,지오그레이몬,스컬그레이몬,완전체,바이러스,,,-,-,36시간
솔라 세이버즈(아구몬s)🚧,사이크로몬,스컬그레이몬,완전체,바이러스,,,-,-,36시간
솔라 세이버즈(아구몬s)🚧,티라노몬,엑스티라노몬,완전체,백신,,,-,-,36시간
솔라 세이버즈(아구몬s)🚧,사이크로몬,엑스티라노몬,완전체,백신,,,-,-,36시간
솔라 세이버즈(아구몬s)🚧,그레이몬O,트리케라몬,완전체,데이터,,,-,-,36시간
솔라 세이버즈(아구몬s)🚧,사이크로몬,트리케라몬,완전체,데이터,,,-,-,36시간
솔라 세이버즈(아구몬s)🚧,라이즈그레이몬,건드라몬,궁극체,바이러스,,,-,-,48시간
솔라 세이버즈(아구몬s)🚧,스컬그레이몬,건드라몬,궁극체,바이러스,,,-,-,48시간
솔라 세이버즈(아구몬s)🚧,마스터티라노몬,건드라몬,궁극체,바이러스,,,-,-,48시간
솔라 세이버즈(아구몬s)🚧,마스터티라노몬,다이노렉스몬,궁극체,데이터,,,-,-,48시간
솔라 세이버즈(아구몬s)🚧,브라키몬,다이노렉스몬,궁극체,데이터,,,-,-,48시간
솔라 세이버즈(아구몬s)🚧,트리케라몬,다이노렉스몬,궁극체,데이터,,,-,-,48시간
솔라 세이버즈(아구몬s)🚧,엑스티라노몬,매그너키드몬,궁극체,바이러스,,,-,-,48시간
솔라 세이버즈(아구몬s)🚧,브라키몬,매그너키드몬,궁극체,바이러스,,,-,-,48시간
솔라 세이버즈(아구몬s)🚧,트리케라몬,매그너키드몬,궁극체,바이러스,,,-,-,48시간
솔라 세이버즈(아구몬s)🚧,라이즈그레이몬,샤인그레이몬,궁극체,백신,,,-,-,48시간
솔라 세이버즈(아구몬s)🚧,스컬그레이몬,샤인그레이몬,궁극체,백신,,,-,-,48시간
솔라 세이버즈(아구몬s)🚧,엑스티라노몬,샤인그레이몬,궁극체,백신,,,-,-,48시간
솔라 세이버즈(아구몬s)🚧,샤인그레이몬,샤인그레이몬: 루인모드,초궁극체,백신,6000,25,-,-,3시간
솔라 세이버즈(아구몬s)🚧,샤인그레이몬,샤인그레이몬: 버스트 모드,초궁극체,백신,7000,30,-,-,3시간
솔라 세이버즈(아구몬s)🚧,깜몬 알,깜몬,유년기 I,-,,,-,-,1시간
솔라 세이버즈(아구몬s)🚧,깜몬,코로몬,유년기 II,-,,,-,-,1시간
아구몬 EX,코로몬,아구몬,성장기,백신,,,-,-,1시간
아구몬 EX,아구몬,그레이몬,성숙기,백신,1200,5,-,-,24시간
아구몬 EX,아구몬,실러컨몬,성숙기,데이터,0,0,-,-,24시간
아구몬 EX,아구몬,아르고몬,성숙기,바이러스,800,5,-,-,24시간
아구몬 EX,아구몬,우가몬,성숙기,백신,500,3,-,-,24시간
아구몬 EX,실러컨몬,네오데블몬,완전체,바이러스,2000,6,-,-,36시간
아구몬 EX,우가몬,네오데블몬,완전체,바이러스,2000,6,-,-,36시간
아구몬 EX,그레이몬,메탈그레이몬,완전체,백신,1200,5,-,-,36시간
아구몬 EX,아르고몬,메탈그레이몬,완전체,백신,1200,5,-,-,36시간
아구몬 EX,그레이몬,메탈티라노몬,완전체,바이러스,2500,10,-,-,36시간
아구몬 EX,아르고몬,메탈티라노몬,완전체,바이러스,2500,10,-,-,36시간
아구몬 EX,그레이몬,스콜피오몬,완전체,데이터,2500,10,-,-,36시간
아구몬 EX,실러컨몬,스콜피오몬,완전체,데이터,2500,10,-,-,36시간
아구몬 EX,실러컨몬,안드로몬,완전체,백신,3000,12,-,-,36시간
아구몬 EX,우가몬,안드로몬,완전체,백신,3000,12,-,-,36시간
아구몬 EX,아르고몬,콩알몬,완전체,데이터,2500,10,-,-,36시간
아구몬 EX,우가몬,콩알몬,완전체,데이터,2500,10,-,-,36시간
아구몬 EX,콩알몬,단데블몬,궁극체,바이러스,7000,20,-,-,48시간
아구몬 EX,네오데블몬,단데블몬,궁극체,바이러스,7000,20,-,-,48시간
아구몬 EX,안드로몬,단데블몬,궁극체,바이러스,7000,20,-,-,48시간
아구몬 EX,메탈그레이몬,블리츠그레이몬,궁극체,바이러스,4500,15,-,-,48시간
아구몬 EX,콩알몬,블리츠그레이몬,궁극체,바이러스,4500,15,-,-,48시간
아구몬 EX,네오데블몬,블리츠그레이몬,궁극체,바이러스,4500,15,-,-,48시간
아구몬 EX,스콜피오몬,블리츠그레이몬,궁극체,바이러스,4500,15,-,-,48시간
아구몬 EX,메탈티라노몬,블리츠그레이몬,궁극체,바이러스,4500,15,-,-,48시간
아구몬 EX,메탈그레이몬,워그레이몬,궁극체,백신,5000,10,-,-,48시간
아구몬 EX,스콜피오몬,워그레이몬,궁극체,백신,5000,10,-,-,48시간
아구몬 EX,메탈티라노몬,워그레이몬,궁극체,백신,5000,10,-,-,48시간
아구몬 EX,안드로몬,워그레이몬,궁극체,백신,5000,10,-,-,48시간
아구몬 EX,블리츠그레이몬,오메가몬 alter-S,초궁극체,바이러스,8000,30,-,-,-
아구몬 EX,깜몬 알,깜몬,유년기 I,-,,,-,-,1시간
아구몬 EX,오메가몬 alter-S,오메가몬 alter-B,초궁극체II,바이러스,8000,30,-,-,-
아구몬 EX,오메가몬,오메가몬(X항체),초궁극체II,백신,8000,30,-,-,-
아구몬 EX,깜몬,코로몬,유년기 II,-,,,-,-,1시간
에인션트 워리어즈(브이몬),꼬마몬,브이몬,성장기,프리,,,-,-,1시간
에인션트 워리어즈(브이몬),브이몬,번개드라몬,성숙기,프리,0,0,-,-,24시간
에인션트 워리어즈(브이몬),브이몬,브이드라몬,성숙기,백신,1200,8,-,-,24시간
에인션트 워리어즈(브이몬),브이몬,엑스브이몬,성숙기,프리,800,5,-,-,24시간
에인션트 워리어즈(브이몬),브이몬,화염드라몬,성숙기,프리,500,3,-,-,24시간
에인션트 워리어즈(브이몬),엑스브이몬,골드브이드라몬,완전체,백신,2000,6,-,-,36시간
에인션트 워리어즈(브이몬),브이드라몬,골드브이드라몬,완전체,백신,2000,6,-,-,36시간
에인션트 워리어즈(브이몬),브이몬,골드브이드라몬,완전체,백신,2000,6,-,-,36시간
에인션트 워리어즈(브이몬),번개드라몬,디지타몬,완전체,데이터,2000,6,-,-,36시간
에인션트 워리어즈(브이몬),화염드라몬,디지타몬,완전체,데이터,2000,6,-,-,36시간
에인션트 워리어즈(브이몬),번개드라몬,사수몬,완전체,프리,2500,10,-,-,36시간
에인션트 워리어즈(브이몬),화염드라몬,사수몬,완전체,프리,2500,10,-,-,36시간
에인션트 워리어즈(브이몬),브이드라몬,사수몬,완전체,프리,2500,10,-,-,36시간
에인션트 워리어즈(브이몬),브이몬,사수몬,완전체,프리,2500,10,-,-,36시간
에인션트 워리어즈(브이몬),브이드라몬,에어로브이드라몬,완전체,백신,3000,12,-,-,36시간
에인션트 워리어즈(브이몬),엑스브이몬,파일드라몬,완전체,프리,3000,12,-,-,36시간
에인션트 워리어즈(브이몬),디지타몬,매그너몬,궁극체,프리,4500,10,-,-,48시간
에인션트 워리어즈(브이몬),골드브이드라몬,매그너몬,궁극체,프리,4500,10,-,-,48시간
에인션트 워리어즈(브이몬),사수몬,매그너몬,궁극체,프리,4500,10,-,-,48시간
에인션트 워리어즈(브이몬),브이몬,매그너몬,궁극체,프리,4500,10,-,-,48시간
에인션트 워리어즈(브이몬),디지타몬,알포스브이드라몬,궁극체,백신,5000,20,-,-,48시간
에인션트 워리어즈(브이몬),에어로브이드라몬,알포스브이드라몬,궁극체,백신,5000,20,-,-,48시간
에인션트 워리어즈(브이몬),사수몬,알포스브이드라몬,궁극체,백신,5000,20,-,-,48시간
에인션트 워리어즈(브이몬),파일드라몬,황제드라몬: 드래곤 모드,궁극체,프리,4500,15,-,-,48시간
에인션트 워리어즈(브이몬),매그너몬,매그너몬(X항체),초궁극체,백신,8000,30,-,-,-
에인션트 워리어즈(브이몬),알포스브이드라몬,알포스브이드라몬(X항체),초궁극체,백신,8000,30,-,-,-
에인션트 워리어즈(브이몬),황제드라몬: 드래곤 모드,황제드라몬: 파이터 모드,초궁극체,프리,7000,25,-,-,3시간
에인션트 워리어즈(브이몬),치코몬,꼬마몬,유년기 II,백신,,,-,-,1시간
에인션트 워리어즈(브이몬),치코몬 알,치코몬,유년기 I,백신,,,-,-,1시간
에인션트 워리어즈(브이몬),황제드라몬: 파이터 모드,황제드라몬: 팔라딘 모드,초궁극체II,백신,8000,30,-,-,-
즈바몬🚧,사쿳토몬,즈바몬,성장기,백신,,,-,-,1시간
즈바몬🚧,사쿳토몬,헉몬,성장기,데이터,,,-,-,1시간
즈바몬🚧,헉몬,바오헉몬,성숙기,데이터,1300,10,-,-,24시간
즈바몬🚧,즈바몬,스타몬,성숙기,데이터,900,8,-,-,24시간
즈바몬🚧,헉몬,스타몬,성숙기,데이터,900,8,-,-,24시간
즈바몬🚧,즈바몬,스파이더몬,성숙기,바이러스,,,-,-,24시간
즈바몬🚧,헉몬,스파이더몬,성숙기,바이러스,,,-,-,24시간
즈바몬🚧,즈바몬,즈바이거몬,성숙기,백신,1300,10,-,-,24시간
즈바몬🚧,스파이더몬,다크슈퍼스타몬,완전체,바이러스,,,-,-,불명
즈바몬🚧,바오헉몬,다크슈퍼스타몬,완전체,바이러스,,,-,-,불명
즈바몬🚧,즈바이거몬,듀라몬,완전체,백신,3000,20,-,-,36시간
즈바몬🚧,스타몬,듀라몬,완전체,백신,3000,20,-,-,36시간
즈바몬🚧,스타몬,세이버헉몬,완전체,데이터,3000,12,-,-,36시간
즈바몬🚧,바오헉몬,세이버헉몬,완전체,데이터,3000,12,-,-,36시간
즈바몬🚧,즈바이거몬,슈퍼스타몬,완전체,데이터,2500,10,-,-,36시간
즈바몬🚧,스파이더몬,슈퍼스타몬,완전체,데이터,2500,10,-,-,36시간
즈바몬🚧,스타몬,퍼펫몬,완전체,백신,,,-,-,불명
즈바몬🚧,스파이더몬,퍼펫몬,완전체,백신,,,-,-,불명
즈바몬🚧,듀라몬,듀란다몬,궁극체,백신,5000,20,-,-,48시간
즈바몬🚧,세이버헉몬,듀란다몬,궁극체,백신,5000,20,-,-,48시간
즈바몬🚧,슈퍼스타몬,신퍼펫몬,궁극체,백신,,,-,-,불명
즈바몬🚧,퍼펫몬,신퍼펫몬,궁극체,백신,,,-,-,불명
즈바몬🚧,다크슈퍼스타몬,신퍼펫몬,궁극체,백신,,,-,-,불명
즈바몬🚧,듀라몬,제스몬,궁극체,데이터,7000,20,-,-,48시간
즈바몬🚧,세이버헉몬,제스몬,궁극체,데이터,7000,20,-,-,48시간
즈바몬🚧,듀란다몬,라그나로드몬,초궁극체,바이러스,8000,30,-,-,-
즈바몬🚧,사쿠몬 알,사쿠몬,유년기 I,백신,,,-,-,1시간
즈바몬🚧,사쿠몬,사쿳토몬,유년기 II,백신,,,-,-,1시간
파피몬 EX,뿔몬,파피몬,성장기,데이터,,,-,-,1시간
파피몬 EX,파피몬,가루몬,성숙기,백신,1200,5,-,-,24시간
파피몬 EX,파피몬,고릴라몬,성숙기,데이터,0,0,-,-,24시간
파피몬 EX,파피몬,스파이더몬,성숙기,바이러스,,,-,-,24시간
파피몬 EX,파피몬,아르고몬,성숙기,바이러스,800,5,-,-,24시간
파피몬 EX,가루몬,데블시드라몬,완전체,백신,2000,6,-,-,36시간
파피몬 EX,아르고몬,데블시드라몬,완전체,백신,2000,6,-,-,36시간
파피몬 EX,가루몬,밸브몬,완전체,데이터,2500,10,-,-,36시간
파피몬 EX,고릴라몬,밸브몬,완전체,데이터,2500,10,-,-,36시간
파피몬 EX,아르고몬,빅콩알몬,완전체,데이터,2500,10,-,-,36시간
파피몬 EX,스파이더몬,빅콩알몬,완전체,데이터,2500,10,-,-,36시간
파피몬 EX,고릴라몬,오로치몬,완전체,바이러스,2000,6,-,-,36시간
파피몬 EX,패롯몬,오로치몬,완전체,바이러스,2000,6,-,-,36시간
파피몬 EX,스파이더몬,오로치몬,완전체,바이러스,2000,6,-,-,36시간
파피몬 EX,가루몬,워가루몬,완전체,백신,3000,12,-,-,36시간
파피몬 EX,아르고몬,워가루몬,완전체,백신,3000,12,-,-,36시간
파피몬 EX,고릴라몬,패롯몬,완전체,백신,3000,12,-,-,36시간
파피몬 EX,스파이더몬,패롯몬,완전체,백신,3000,12,-,-,36시간
파피몬 EX,패롯몬,니즈헤그몬,궁극체,바이러스,7000,15,-,-,48시간
파피몬 EX,오로치몬,니즈헤그몬,궁극체,바이러스,7000,15,-,-,48시간
파피몬 EX,빅콩알몬,니즈헤그몬,궁극체,바이러스,7000,15,-,-,48시간
파피몬 EX,워가루몬,메탈가루몬,궁극체,데이터,5000,20,-,-,48시간
파피몬 EX,밸브몬,메탈가루몬,궁극체,데이터,5000,20,-,-,48시간
파피몬 EX,데블시드라몬,메탈가루몬,궁극체,데이터,5000,20,-,-,48시간
파피몬 EX,패롯몬,메탈가루몬,궁극체,데이터,5000,20,-,-,48시간
파피몬 EX,워가루몬,크레스가루몬,궁극체,데이터,4500,15,-,-,48시간
파피몬 EX,밸브몬,크레스가루몬,궁극체,데이터,4500,15,-,-,48시간
파피몬 EX,데블시드라몬,크레스가루몬,궁극체,데이터,4500,15,-,-,48시간
파피몬 EX,오로치몬,크레스가루몬,궁극체,데이터,4500,15,-,-,48시간
파피몬 EX,빅콩알몬,크레스가루몬,궁극체,데이터,4500,15,-,-,48시간
파피몬 EX,크레스가루몬,오메가몬 alter-S,초궁극체,바이러스,8000,30,-,-,-
파피몬 EX,푸니몬,뿔몬,유년기 II,-,,,-,-,1시간
파피몬 EX,오메가몬 alter-S,오메가몬 Alter-B,초궁극체II,바이러스,8000,30,-,-,-
파피몬 EX,푸니몬 알,푸니몬,유년기 I,-,,,-,-,1시간
"파피몬 EX, 아구몬 EX",메탈가루몬,오메가몬,초궁극체,백신,8000,30,-,-,-
"파피몬 EX, 아구몬 EX",워그레이몬,오메가몬,초궁극체,백신,8000,30,-,-,-
프라이미벌 워리어즈(추추몬)🚧,데롱몬,추추몬,성장기,프리,,,-,-,1시간
프라이미벌 워리어즈(추추몬)🚧,추추몬,고키몬,성숙기,바이러스,,,-,-,24시간
프라이미벌 워리어즈(추추몬)🚧,추추몬,샤드라몬,성숙기,프리,900,8,-,-,24시간
프라이미벌 워리어즈(추추몬)🚧,추추몬,스팅몬,성숙기,프리,1300,10,-,-,24시간
프라이미벌 워리어즈(추추몬)🚧,추추몬,후디에몬,성숙기,프리,600,5,-,-,24시간
프라이미벌 워리어즈(추추몬)🚧,스팅몬,다이노몬,완전체,프리,2500,10,-,-,36시간
프라이미벌 워리어즈(추추몬)🚧,스팅몬,주엘비몬,완전체,백신,2500,10,-,-,36시간
프라이미벌 워리어즈(추추몬)🚧,후디에몬,주엘비몬,완전체,백신,2500,10,-,-,36시간
프라이미벌 워리어즈(추추몬)🚧,샤드라몬,콩고몬,완전체,프리,,,-,-,36시간
프라이미벌 워리어즈(추추몬)🚧,추추몬,콩고몬,완전체,프리,,,-,-,36시간
프라이미벌 워리어즈(추추몬)🚧,고키몬,콩고몬,완전체,프리,,,-,-,36시간
프라이미벌 워리어즈(추추몬)🚧,추추몬,푸치몬,완전체,프리,,,-,-,36시간
프라이미벌 워리어즈(추추몬)🚧,샤드라몬,푸치몬,완전체,프리,,,-,-,36시간
프라이미벌 워리어즈(추추몬)🚧,스팅몬,푸치몬(녹),완전체,프리,2000,8,-,-,36시간
프라이미벌 워리어즈(추추몬)🚧,후디에몬,푸치몬(녹),완전체,프리,2000,8,-,-,36시간
프라이미벌 워리어즈(추추몬)🚧,고키몬,푸치몬(녹),완전체,프리,2000,8,-,-,36시간
프라이미벌 워리어즈(추추몬)🚧,다이노몬,그랜쿠가몬,궁극체,프리,5000,20,-,-,48시간
프라이미벌 워리어즈(추추몬)🚧,푸치몬,반쵸스팅몬,궁극체,프리,,,-,-,불명
프라이미벌 워리어즈(추추몬)🚧,주엘비몬,반쵸스팅몬,궁극체,프리,,,-,-,불명
프라이미벌 워리어즈(추추몬)🚧,콩고몬,타이거베스파몬,궁극체,바이러스,5000,20,-,-,48시간
프라이미벌 워리어즈(추추몬)🚧,주엘비몬,타이거베스파몬,궁극체,바이러스,5000,20,-,-,48시간
프라이미벌 워리어즈(추추몬)🚧,푸치몬(녹),타이거베스파몬,궁극체,바이러스,5000,20,-,-,48시간
프라이미벌 워리어즈(추추몬)🚧,그랜쿠가몬,그랑디스쿠가몬,초궁극체,바이러스,,,-,-,불명
프라이미벌 워리어즈(추추몬)🚧,그랜쿠가몬,타이런트캅테리몬,초궁극체,바이러스,,,-,-,불명
프라이미벌 워리어즈(추추몬)🚧,잎새몬,데롱몬,유년기 II,백신,,,-,-,1시간
프라이미벌 워리어즈(추추몬)🚧,잎새몬알,잎새몬,유년기 I,백신,,,-,-,1시간
허밋 인 더 정글(팔몬),시드몬,라라몬,성장기,데이터,,,-,-,1시간
허밋 인 더 정글(팔몬),시드몬,팔몬,성장기,데이터,,,-,-,1시간
허밋 인 더 정글(팔몬),팔몬,니드몬,성숙기,데이터,1300,10,-,-,24시간
허밋 인 더 정글(팔몬),팔몬,베지몬,성숙기,바이러스,600,5,-,-,24시간
허밋 인 더 정글(팔몬),라라몬,베지몬,성숙기,바이러스,600,5,-,-,24시간
허밋 인 더 정글(팔몬),팔몬,스나이몬,성숙기,백신,1300,10,-,-,24시간
허밋 인 더 정글(팔몬),라라몬,스나이몬,성숙기,백신,1300,10,-,-,24시간
허밋 인 더 정글(팔몬),팔몬,파라사우몬,성숙기,바이러스,900,8,-,-,24시간
허밋 인 더 정글(팔몬),라라몬,파라사우몬,성숙기,바이러스,900,8,-,-,24시간
허밋 인 더 정글(팔몬),라라몬,해바라기몬,성숙기,데이터,1300,10,-,-,24시간
허밋 인 더 정글(팔몬),베지몬,라일라몬,완전체,데이터,2000,8,-,-,36시간
허밋 인 더 정글(팔몬),해바라기몬,라일라몬,완전체,데이터,2000,8,-,-,36시간
허밋 인 더 정글(팔몬),니드몬,릴리몬,완전체,데이터,2500,10,-,-,36시간
허밋 인 더 정글(팔몬),파라사우몬,릴리몬,완전체,데이터,2500,10,-,-,36시간
허밋 인 더 정글(팔몬),베지몬,브롯사몬,완전체,데이터,2500,10,-,-,36시간
허밋 인 더 정글(팔몬),해바라기몬,브롯사몬,완전체,데이터,2500,10,-,-,36시간
허밋 인 더 정글(팔몬),스나이몬,브롯사몬,완전체,데이터,2500,10,-,-,36시간
허밋 인 더 정글(팔몬),스나이몬,아라크네몬,완전체,바이러스,2000,8,-,-,36시간
허밋 인 더 정글(팔몬),파라사우몬,아야타라몬,완전체,백신,3000,12,-,-,36시간
허밋 인 더 정글(팔몬),베지몬,아야타라몬,완전체,백신,3000,12,-,-,36시간
허밋 인 더 정글(팔몬),니드몬,주엘비몬,완전체,백신,3000,12,-,-,36시간
허밋 인 더 정글(팔몬),해바라기몬,주엘비몬,완전체,백신,3000,12,-,-,36시간
허밋 인 더 정글(팔몬),스나이몬,주엘비몬,완전체,백신,3000,12,-,-,36시간
허밋 인 더 정글(팔몬),니드몬,트로피아몬,완전체,바이러스,2000,8,-,-,36시간
허밋 인 더 정글(팔몬),파라사우몬,트로피아몬,완전체,바이러스,2000,8,-,-,36시간
허밋 인 더 정글(팔몬),릴리몬,로제몬,궁극체,데이터,4500,10,-,-,48시간
허밋 인 더 정글(팔몬),주엘비몬,로제몬,궁극체,데이터,4500,10,-,-,48시간
허밋 인 더 정글(팔몬),라일라몬,로제몬,궁극체,데이터,4500,10,-,-,48시간
허밋 인 더 정글(팔몬),아라크네몬,로제몬,궁극체,데이터,4500,10,-,-,48시간
허밋 인 더 정글(팔몬),릴리몬,블룸로드몬,궁극체,백신,5000,20,-,-,48시간
허밋 인 더 정글(팔몬),주엘비몬,블룸로드몬,궁극체,백신,5000,20,-,-,48시간
허밋 인 더 정글(팔몬),아야타라몬,블룸로드몬,궁극체,백신,5000,20,-,-,48시간
허밋 인 더 정글(팔몬),아야타라몬,스피노몬,궁극체,바이러스,4500,15,-,-,불명
허밋 인 더 정글(팔몬),트로피아몬,스피노몬,궁극체,바이러스,4500,15,-,-,불명
허밋 인 더 정글(팔몬),브롯사몬,스피노몬,궁극체,바이러스,4500,15,-,-,불명
허밋 인 더 정글(팔몬),트로피아몬,히드라몬,궁극체,바이러스,7000,20,-,-,48시간
허밋 인 더 정글(팔몬),브롯사몬,히드라몬,궁극체,바이러스,7000,20,-,-,48시간
허밋 인 더 정글(팔몬),아라크네몬,히드라몬,궁극체,바이러스,7000,20,-,-,48시간
허밋 인 더 정글(팔몬),라일라몬,히드라몬,궁극체,바이러스,7000,20,-,-,48시간
허밋 인 더 정글(팔몬),로제몬,라플레시몬,초궁극체,데이터,8000,30,-,-,3시간
허밋 인 더 정글(팔몬),로제몬,로제몬: 버스트 모드,초궁극체,데이터,7000,25,-,-,3시간
허밋 인 더 정글(팔몬),유라몬,시드몬,유년기 II,백신,,,-,-,1시간
허밋 인 더 정글(팔몬),유라몬 알,유라몬,유년기 I,백신,,,-,-,1시간
홀리 윙(파닥몬/럭스몬),토코몬,럭스몬,성장기,백신,,,-,-,1시간
홀리 윙(파닥몬/럭스몬),토코몬,파닥몬,성장기,데이터,,,-,-,1시간
홀리 윙(파닥몬/럭스몬),럭스몬,시취에몬,성숙기,백신,900,8,-,-,24시간
홀리 윙(파닥몬/럭스몬),파닥몬,엔젤몬,성숙기,백신,1300,10,-,-,24시간
홀리 윙(파닥몬/럭스몬),럭스몬,엔젤몬,성숙기,백신,1300,10,-,-,24시간
홀리 윙(파닥몬/럭스몬),파닥몬,페가수스몬,성숙기,프리,900,8,-,-,24시간
홀리 윙(파닥몬/럭스몬),파닥몬,피드몬,성숙기,백신,600,5,-,-,24시간
홀리 윙(파닥몬/럭스몬),럭스몬,피드몬,성숙기,백신,600,5,-,-,24시간
홀리 윙(파닥몬/럭스몬),피드몬,만티코어몬,완전체,바이러스,2500,10,-,-,36시간
홀리 윙(파닥몬/럭스몬),시취에몬,만티코어몬,완전체,바이러스,2500,10,-,-,36시간
홀리 윙(파닥몬/럭스몬),엔젤몬,아르케엔젤몬,완전체,백신,3000,12,-,-,36시간
홀리 윙(파닥몬/럭스몬),페가수스몬,아르케엔젤몬,완전체,백신,3000,12,-,-,36시간
홀리 윙(파닥몬/럭스몬),페가수스몬,치린몬,완전체,백신,3000,12,-,-,36시간
홀리 윙(파닥몬/럭스몬),시취에몬,치린몬,완전체,백신,3000,12,-,-,36시간
홀리 윙(파닥몬/럭스몬),엔젤몬,홀리엔젤몬,완전체,백신,3000,12,-,-,36시간
홀리 윙(파닥몬/럭스몬),피드몬,홀리엔젤몬,완전체,백신,3000,12,-,-,36시간
홀리 윙(파닥몬/럭스몬),페가수스몬,히포그리포몬,완전체,데이터,2000,8,-,-,36시간
홀리 윙(파닥몬/럭스몬),피드몬,히포그리포몬,완전체,데이터,2000,8,-,-,36시간
홀리 윙(파닥몬/럭스몬),홀리엔젤몬,도미니몬,궁극체,백신,4500,15,-,-,48시간
홀리 윙(파닥몬/럭스몬),치린몬,도미니몬,궁극체,백신,4500,15,-,-,48시간
홀리 윙(파닥몬/럭스몬),치린몬,샹펑몬,궁극체,백신,5000,20,-,-,48시간
홀리 윙(파닥몬/럭스몬),히포그리포몬,샹펑몬,궁극체,백신,5000,20,-,-,48시간
홀리 윙(파닥몬/럭스몬),홀리엔젤몬,세라피몬,궁극체,백신,5000,20,-,-,48시간
홀리 윙(파닥몬/럭스몬),아르케엔젤몬,세라피몬,궁극체,백신,5000,20,-,-,48시간
홀리 윙(파닥몬/럭스몬),아르케엔젤몬,슬래쉬엔젤몬,궁극체,백신,4500,15,-,-,48시간
홀리 윙(파닥몬/럭스몬),만티코어몬,슬래쉬엔젤몬,궁극체,백신,4500,15,-,-,48시간
홀리 윙(파닥몬/럭스몬),도미니몬,샤카몬,초궁극체,백신,8000,30,-,-,-
홀리 윙(파닥몬/럭스몬),샹펑몬,샤카몬,초궁극체,백신,8000,30,-,-,-
홀리 윙(파닥몬/럭스몬),포요몬,토코몬,유년기 II,백신,,,-,-,1시간
홀리 윙(파닥몬/럭스몬),포요몬 알,포요몬,유년기 I,백신,,,-,-,1시간
