"DiM","현재 디지몬","현재 세대","속성","진화 대상","목표 세대","진화 시간","필요 바이탈","필요 PP","배틀 횟수","필요 승률(%)","던전 ★★★","조그레스","필요 아이템/캡슐","비고"
"아구몬 EX","깜몬 알","디지타마","FREE","깜몬","유년기 I","1시간","","","","","-","-","-",""
"아구몬 EX","깜몬","유년기 I","-","코로몬","유년기 II","1시간","","","","","-","-","-",""
"아구몬 EX","코로몬","유년기 II","-","아구몬","성장기","1시간","","","","","-","-","-",""
"아구몬 EX","아구몬","성장기","VACCINE","그레이몬","성숙기","24시간","1200","5","","","-","-","-",""
"아구몬 EX","아구몬","성장기","VACCINE","실러컨몬","성숙기","24시간","","","","","-","-","-",""
"아구몬 EX","아구몬","성장기","VACCINE","아르고몬","성숙기","24시간","800","5","18","","-","-","-",""
"아구몬 EX","그레이몬","성숙기","VACCINE","메탈그레이몬","완전체","36시간","1200","5","","","-","","-",""
"아구몬 EX","메탈그레이몬","완전체","VACCINE","블리츠그레이몬","궁극체","48시간","4500","15","120","70%","-","-","-",""
"아구몬 EX","아구몬","성장기","VACCINE","우가몬","성숙기","24시간","500","3","","","-","-","-",""
"아구몬 EX","그레이몬","성숙기","VACCINE","스콜피오몬","완전체","36시간","2500","10","80","50%","-","-","-",""
"아구몬 EX","그레이몬","성숙기","VACCINE","메탈티라노몬","완전체","36시간","2500","10","80","50%","-","-","-",""
"아구몬 EX","실러컨몬","성숙기","DATA","스콜피오몬","완전체","36시간","2500","10","80","50%","-","-","-",""
"아구몬 EX","실러컨몬","성숙기","DATA","안드로몬","완전체","36시간","3000","12","120","70%","-","-","-",""
"아구몬 EX","실러컨몬","성숙기","DATA","네오데블몬","완전체","36시간","2000","6","80","50%","-","","-",""
"아구몬 EX","아르고몬","성숙기","VIRUS","메탈그레이몬","완전체","36시간","1200","5","","","-","","-",""
"아구몬 EX","아르고몬","성숙기","VIRUS","메탈티라노몬","완전체","36시간","2500","10","80","50%","-","-","-",""
"아구몬 EX","아르고몬","성숙기","VIRUS","콩알몬","완전체","36시간","2500","10","80","50%","-","","-",""
"아구몬 EX","우가몬","성숙기","VACCINE","콩알몬","완전체","36시간","2500","10","80","50%","-","","-",""
"아구몬 EX","우가몬","성숙기","VACCINE","네오데블몬","완전체","36시간","2000","6","80","50%","-","","-",""
"아구몬 EX","우가몬","성숙기","VACCINE","안드로몬","완전체","36시간","3000","12","120","70%","-","-","-",""
"아구몬 EX","콩알몬","완전체","DATA","단데블몬","궁극체","48시간","7000","20","200","70%","던전 ★★★","-","-",""
"아구몬 EX","콩알몬","완전체","DATA","블리츠그레이몬","궁극체","48시간","4500","15","120","70%","-","-","-",""
"아구몬 EX","네오데블몬","완전체","VIRUS","단데블몬","궁극체","48시간","7000","20","200","70%","던전 ★★★","-","-",""
"아구몬 EX","네오데블몬","완전체","VIRUS","블리츠그레이몬","궁극체","48시간","4500","15","120","70%","-","-","-",""
"아구몬 EX","스콜피오몬","완전체","DATA","블리츠그레이몬","궁극체","48시간","4500","15","120","70%","-","-","-",""
"아구몬 EX","블리츠그레이몬","궁극체","VIRUS","오메가몬 alter-S","초궁극체","-","8000","30","320","70%","-","블리츠그레이몬,크레스가루몬","-",""
"아구몬 EX","안드로몬","완전체","VACCINE","단데블몬","궁극체","48시간","7000","20","200","70%","던전 ★★★","-","-",""
"아구몬 EX","메탈티라노몬","완전체","VIRUS","블리츠그레이몬","궁극체","48시간","4500","15","120","70%","-","-","-",""
"파피몬 EX","메탈가루몬","궁극체","DATA","오메가몬","초궁극체","-","8000","30","320","70%","-","워그레이몬,메탈가루몬","",""
"파피몬 EX","크레스가루몬","궁극체","DATA","오메가몬 alter-S","초궁극체","-","8000","30","320","70%","-","블리츠그레이몬,크레스가루몬","-",""
"아구몬 EX","워그레이몬","궁극체","VACCINE","오메가몬","초궁극체","-","8000","30","320","70%","-","워그레이몬,메탈가루몬","",""
"아구몬 EX","오메가몬","초궁극체","VACCINE","오메가몬(X항체)","초궁극체II","-","8000","30","320","70%","-","","X항체",""
"아구몬 EX","메탈그레이몬","완전체","VACCINE","워그레이몬","궁극체","48시간","5000","10","160","70%","-","-","-",""
"아구몬 EX","스콜피오몬","완전체","DATA","워그레이몬","궁극체","48시간","5000","10","160","70%","-","-","-",""
"아구몬 EX","메탈티라노몬","완전체","VIRUS","워그레이몬","궁극체","48시간","5000","10","160","70%","-","-","-",""
"아구몬 EX","안드로몬","완전체","VACCINE","워그레이몬","궁극체","48시간","5000","10","160","70%","-","-","-",""
"파피몬 EX","푸니몬 알","디지타마","VACCINE","푸니몬","유년기 I","1시간","","","","","-","-","-",""
"파피몬 EX","푸니몬","유년기 I","-","뿔몬","유년기 II","1시간","","","","","-","-","-",""
"파피몬 EX","뿔몬","유년기 II","-","파피몬","성장기","1시간","","","","","-","-","-",""
"파피몬 EX","파피몬","성장기","DATA","가루몬","성숙기","24시간","1200","5","48","","-","-","-",""
"파피몬 EX","파피몬","성장기","DATA","고릴라몬","성숙기","24시간","","","","","-","-","-",""
"파피몬 EX","파피몬","성장기","DATA","아르고몬","성숙기","24시간","800","5","18","","-","-","-",""
"파피몬 EX","파피몬","성장기","DATA","스파이더몬","성숙기","24시간","","","","","-","-","-",""
"파피몬 EX","가루몬","성숙기","VACCINE","워가루몬","완전체","36시간","3000","12","120","70%","-","-","-",""
"파피몬 EX","가루몬","성숙기","VACCINE","밸브몬","완전체","36시간","2500","10","80","50%","-","-","-",""
"파피몬 EX","가루몬","성숙기","VACCINE","데블시드라몬","완전체","36시간","2000","6","80","50%","-","-","-",""
"파피몬 EX","고릴라몬","성숙기","DATA","밸브몬","완전체","36시간","2500","10","80","50%","-","-","-",""
"파피몬 EX","고릴라몬","성숙기","DATA","패롯몬","완전체","36시간","3000","12","120","70%","-","-","-",""
"파피몬 EX","고릴라몬","성숙기","DATA","오로치몬","완전체","36시간","2000","6","80","50%","-","-","-",""
"파피몬 EX","아르고몬","성숙기","VIRUS","워가루몬","완전체","36시간","3000","12","120","70%","-","-","-",""
"파피몬 EX","아르고몬","성숙기","VIRUS","데블시드라몬","완전체","36시간","2000","6","80","50%","-","-","-",""
"파피몬 EX","아르고몬","성숙기","VIRUS","빅콩알몬","완전체","36시간","2500","10","80","50%","-","-","-",""
"파피몬 EX","패롯몬","완전체","VACCINE","오로치몬","완전체","36시간","2000","6","80","50%","-","-","-",""
"파피몬 EX","스파이더몬","성숙기","VIRUS","패롯몬","완전체","36시간","3000","12","120","70%","-","-","-",""
"파피몬 EX","스파이더몬","성숙기","VIRUS","오로치몬","완전체","36시간","2000","6","80","50%","-","-","-",""
"파피몬 EX","스파이더몬","성숙기","VIRUS","빅콩알몬","완전체","36시간","2500","10","80","50%","-","-","-",""
"파피몬 EX","워가루몬","완전체","VACCINE","메탈가루몬","궁극체","48시간","5000","20","160","70%","-","-","-",""
"파피몬 EX","워가루몬","완전체","VACCINE","크레스가루몬","궁극체","48시간","4500","15","120","70%","-","-","-",""
"파피몬 EX","밸브몬","완전체","DATA","메탈가루몬","궁극체","48시간","5000","20","160","70%","-","-","-",""
"파피몬 EX","밸브몬","완전체","DATA","크레스가루몬","궁극체","48시간","4500","15","120","70%","-","-","-",""
"파피몬 EX","데블시드라몬","완전체","VACCINE","메탈가루몬","궁극체","48시간","5000","20","160","70%","-","-","-",""
"파피몬 EX","데블시드라몬","완전체","VACCINE","크레스가루몬","궁극체","48시간","4500","15","120","70%","-","-","-",""
"파피몬 EX","패롯몬","완전체","VACCINE","메탈가루몬","궁극체","48시간","5000","20","160","70%","-","-","-",""
"파피몬 EX","패롯몬","완전체","VACCINE","니즈헤그몬","궁극체","48시간","7000","15","120","70%","던전 ★★★","-","-",""
"파피몬 EX","오로치몬","완전체","VIRUS","니즈헤그몬","궁극체","48시간","7000","15","120","70%","던전 ★★★","-","-",""
"파피몬 EX","오로치몬","완전체","VIRUS","크레스가루몬","궁극체","48시간","4500","15","120","70%","-","-","-",""
"파피몬 EX","빅콩알몬","완전체","DATA","니즈헤그몬","궁극체","48시간","7000","15","120","70%","던전 ★★★","-","-",""
"파피몬 EX","빅콩알몬","완전체","DATA","크레스가루몬","궁극체","48시간","4500","15","120","70%","-","-","-",""
"감마몬🚧","쿠리몬알","디지타마","VACCINE","쿠리몬","유년기 I","1시간","","","","","-","-","-",""
"감마몬🚧","쿠리몬","유년기 I","VACCINE","구리몬","유년기 II","1시간","","","","","-","-","-",""
"감마몬🚧","구리몬","유년기 II","VACCINE","감마몬","성장기","1시간","","","","","-","-","-",""
"감마몬🚧","감마몬","성장기","VIRUS","베텔감마몬","성숙기","24시간","1100","10","48","","-","-","-",""
"감마몬🚧","감마몬","성장기","VIRUS","카우스감마몬","성숙기","24시간","900","8","30","","-","-","-",""
"감마몬🚧","감마몬","성장기","VIRUS","웨즌감마몬","성숙기","24시간","600","5","18","","-","-","-",""
"감마몬🚧","감마몬","성장기","VIRUS","그루스감마몬","성숙기","24시간","","","","","-","-","-",""
"감마몬🚧","베텔감마몬","성숙기","VACCINE","카노바이스몬","완전체","36시간","3000","12","120","70%","-","-","-",""
"감마몬🚧","베텔감마몬","성숙기","VACCINE","후우마몬","완전체","36시간","1500","6","64","40%","-","-","-",""
"감마몬🚧","베텔감마몬","성숙기","VACCINE","보머몬","완전체","36시간","","","","","-","-","-",""
"감마몬🚧","카우스감마몬","성숙기","DATA","카노바이스몬","완전체","36시간","3000","12","120","70%","-","-","-",""
"감마몬🚧","카우스감마몬","성숙기","DATA","길리두몬","완전체","36시간","2500","10","80","50%","-","-","-",""
"감마몬🚧","카우스감마몬","성숙기","DATA","후우마몬","완전체","36시간","1500","6","64","40%","-","-","-",""
"감마몬🚧","웨즌감마몬","성숙기","DATA","보머몬","완전체","36시간","","","","","-","-","-",""
"감마몬🚧","웨즌감마몬","성숙기","DATA","잔메츠몬","완전체","36시간","3000","12","120","70%","-","-","-",""
"감마몬🚧","웨즌감마몬","성숙기","DATA","길리두몬","완전체","36시간","2500","10","80","50%","-","-","-",""
"감마몬🚧","그루스감마몬","성숙기","VIRUS","레굴루스몬","완전체","36시간","3500","15","120","70%","-","-","-",""
"감마몬🚧","레굴루스몬","완전체","VIRUS","아크투루스몬","궁극체","48시간","7000","20","200","70%","던전 ★★★","-","-",""
"감마몬🚧","시리우스몬","궁극체","VACCINE","프록시마몬","초궁극체","-","8000","30","320","70%","-","시리우스몬,아크투루스몬","-",""
"감마몬🚧","아크투루스몬","궁극체","VIRUS","프록시마몬","초궁극체","-","8000","30","320","70%","-","시리우스몬,아크투루스몬","-",""
"감마몬🚧","잔메츠몬","완전체","VIRUS","스피노몬","궁극체","48시간","4500","15","120","70%","-","-","-",""
"감마몬🚧","잔메츠몬","완전체","VIRUS","아크투루스몬","궁극체","48시간","7000","20","200","70%","던전 ★★★","-","-",""
"감마몬🚧","보머몬","완전체","VIRUS","스피노몬","궁극체","48시간","4500","15","120","70%","-","-","-",""
"감마몬🚧","후우마몬","완전체","DATA","이지스드라몬","궁극체","48시간","4500","10","120","50%","-","-","-",""
"감마몬🚧","길리두몬","완전체","DATA","시리우스몬","궁극체","48시간","5000","20","160","70%","-","-","-",""
"감마몬🚧","길리두몬","완전체","DATA","이지스드라몬","궁극체","48시간","4500","10","120","50%","-","-","-",""
"감마몬🚧","카노바이스몬","완전체","VACCINE","시리우스몬","궁극체","48시간","5000","20","160","70%","-","-","-",""
"길몬 EX","쟈리몬 알","디지타마","VACCINE","쟈리몬","유년기 I","1시간","","","","","-","-","-",""
"길몬 EX","쟈리몬","유년기 I","VACCINE","기기몬","유년기 II","1시간","","","","","-","-","-",""
"길몬 EX","기기몬","유년기 II","VACCINE","길몬","성장기","1시간","","","","","-","-","-",""
"길몬 EX","길몬","성장기","VIRUS","시사몬","성숙기","24시간","600","85","18","","-","-","-",""
"길몬 EX","길몬","성장기","VIRUS","그라우몬(황)","성숙기","24시간","900","8","30","","-","-","-",""
"길몬 EX","길몬","성장기","VIRUS","데블드라몬","성숙기","24시간","","","","","-","-","-",""
"길몬 EX","길몬","성장기","VIRUS","그라우몬","성숙기","24시간","1300","10","48","","-","-","-",""
"길몬 EX","시사몬","성숙기","VACCINE","바지라몬","완전체","36시간","3000","12","120","70%","-","-","-",""
"길몬 EX","시사몬","성숙기","VACCINE","마지라몬","완전체","36시간","2500","10","80","50%","-","-","-",""
"길몬 EX","시사몬","성숙기","VACCINE","미히라몬","완전체","36시간","2500","10","80","50%","-","-","-",""
"길몬 EX","그라우몬(황)","성숙기","DATA","메가로그라우몬(황)","완전체","36시간","2500","10","80","50%","-","-","-",""
"길몬 EX","그라우몬(황)","성숙기","DATA","미히라몬","완전체","36시간","2500","10","80","50%","-","-","-",""
"길몬 EX","그라우몬(황)","성숙기","DATA","메가로그라우몬","완전체","36시간","3000","12","120","50%","-","-","-",""
"길몬 EX","데블드라몬","성숙기","VIRUS","바지라몬","완전체","36시간","3000","12","120","70%","-","-","-",""
"길몬 EX","데블드라몬","성숙기","VIRUS","마지라몬","완전체","36시간","2500","10","80","50%","-","-","-",""
"길몬 EX","데블드라몬","성숙기","VIRUS","산티라몬","완전체","36시간","2000","8","80","50%","-","-","-",""
"길몬 EX","그라우몬","성숙기","VIRUS","메가로그라우몬","완전체","36시간","3000","12","120","50%","-","-","-",""
"길몬 EX","그라우몬","성숙기","VIRUS","산티라몬","완전체","36시간","2000","8","80","50%","-","-","-",""
"길몬 EX","그라우몬","성숙기","VIRUS","메가로그라우몬(황)","완전체","36시간","2500","10","80","50%","-","-","-",""
"길몬 EX","바지라몬","완전체","VACCINE","듀크몬","궁극체","48시간","5000","20","160","70%","-","-","-",""
"길몬 EX","바지라몬","완전체","VACCINE","메디벌듀크몬","궁극체","48시간","4500","15","120","70%","-","-","-",""
"길몬 EX","메가로그라우몬(황)","완전체","DATA","듀크몬","궁극체","48시간","5000","20","160","70%","-","-","-",""
"길몬 EX","메가로그라우몬(황)","완전체","DATA","메디벌듀크몬","궁극체","48시간","4500","15","120","70%","-","-","-",""
"길몬 EX","마지라몬","완전체","DATA","메디벌듀크몬","궁극체","48시간","4500","15","120","70%","-","-","-",""
"길몬 EX","마지라몬","완전체","DATA","메기드라몬","궁극체","48시간","7000","20","200","70%","던전 ★★★","-","-",""
"길몬 EX","미히라몬","완전체","DATA","듀크몬","궁극체","48시간","5000","20","160","70%","-","-","-",""
"길몬 EX","미히라몬","완전체","DATA","카오스듀크몬","궁극체","48시간","4500","15","120","70%","-","-","-",""
"길몬 EX","메가로그라우몬","완전체","VIRUS","카오스듀크몬","궁극체","48시간","4500","15","120","70%","-","-","-",""
"길몬 EX","메가로그라우몬","완전체","VIRUS","듀크몬","궁극체","48시간","5000","20","160","70%","-","-","-",""
"길몬 EX","산티라몬","완전체","VIRUS","카오스듀크몬","궁극체","48시간","4500","15","120","70%","-","-","-",""
"길몬 EX","산티라몬","완전체","VIRUS","메기드라몬","궁극체","48시간","7000","20","200","70%","던전 ★★★","-","-",""
"길몬 EX","듀크몬","궁극체","VIRUS","듀크몬: 크림슨 모드","초궁극체","-","8000","30","320","70%","-","-","그라니",""
"길몬 EX","듀크몬","궁극체","VIRUS","듀크몬(X항체)","초궁극체","-","8000","30","320","70%","-","-","X항체",""
"미스틱 페더(피요몬)🚧","새싹몬 알","디지타마","VACCINE","새싹몬","유년기 I","1시간","","","","","-","-","-",""
"미스틱 페더(피요몬)🚧","새싹몬","유년기 I","VACCINE","어니몬","유년기 II","1시간","","","","","-","-","-",""
"미스틱 페더(피요몬)🚧","어니몬","유년기 II","VACCINE","피요몬","성장기","1시간","","","","","-","-","-",""
"미스틱 페더(피요몬)🚧","어니몬","유년기 II","VACCINE","팔코몬(2006)","성장기","1시간","","","","","-","-","-",""
"미스틱 페더(피요몬)🚧","피요몬","성장기","VACCINE","버드라몬","성숙기","24시간","1300","10","48","","-","-","-",""
"미스틱 페더(피요몬)🚧","피요몬","성장기","VACCINE","썬더버드몬","성숙기","24시간","900","8","30","","-","-","-",""
"미스틱 페더(피요몬)🚧","피요몬","성장기","VACCINE","키위몬","성숙기","24시간","","","","","-","-","-",""
"미스틱 페더(피요몬)🚧","팔코몬(2006)","성장기","VACCINE","썬더버드몬","성숙기","24시간","900","8","30","","-","-","-",""
"미스틱 페더(피요몬)🚧","팔코몬(2006)","성장기","VACCINE","키위몬","성숙기","24시간","","","","","-","-","-",""
"미스틱 페더(피요몬)🚧","팔코몬(2006)","성장기","VACCINE","펙크몬","성숙기","24시간","1300","10","48","","-","-","-",""
"미스틱 페더(피요몬)🚧","버드라몬","성숙기","VACCINE","패롯몬","완전체","36시간","3000","12","120","70%","-","-","-",""
"미스틱 페더(피요몬)🚧","버드라몬","성숙기","VACCINE","가루다몬","완전체","36시간","1200","8","","","-","-","-",""
"미스틱 페더(피요몬)🚧","버드라몬","성숙기","VACCINE","뿌띠몬","완전체","36시간","1200","8","","","-","-","-",""
"미스틱 페더(피요몬)🚧","썬더버드몬","성숙기","DATA","패롯몬","완전체","36시간","3000","12","120","70%","-","-","-",""
"미스틱 페더(피요몬)🚧","썬더버드몬","성숙기","DATA","크로우몬","완전체","36시간","1200","8","","","-","-","-",""
"미스틱 페더(피요몬)🚧","썬더버드몬","성숙기","DATA","야타가라몬(2006)","완전체","36시간","1200","8","","","-","-","-",""
"미스틱 페더(피요몬)🚧","키위몬","성숙기","DATA","가루다몬","완전체","36시간","1200","8","","","-","-","-",""
"미스틱 페더(피요몬)🚧","키위몬","성숙기","DATA","뿌띠몬","완전체","36시간","1200","8","","","-","-","-",""
"미스틱 페더(피요몬)🚧","키위몬","성숙기","DATA","신드라몬","완전체","36시간","2000","8","80","50%","-","-","-",""
"미스틱 페더(피요몬)🚧","펙크몬","성숙기","VACCINE","신드라몬","완전체","36시간","2000","8","80","50%","-","-","-",""
"미스틱 페더(피요몬)🚧","펙크몬","성숙기","VACCINE","야타가라몬(2006)","완전체","36시간","1200","8","","","-","-","-",""
"미스틱 페더(피요몬)🚧","펙크몬","성숙기","VACCINE","크로우몬","완전체","36시간","1200","8","","","-","-","-",""
"미스틱 페더(피요몬)🚧","패롯몬","완전체","VACCINE","호루스몬","궁극체","48시간","1200","8","","","-","-","-",""
"미스틱 페더(피요몬)🚧","패롯몬","완전체","VACCINE","레이브몬","궁극체","48시간","1200","8","","","-","-","-",""
"미스틱 페더(피요몬)🚧","레이브몬","궁극체","VACCINE","레이브몬: 버스트 모드","초궁극체","-","1200","8","","","-","-","-",""
"미스틱 페더(피요몬)🚧","가루다몬","완전체","VACCINE","호루스몬","궁극체","48시간","1200","8","","","-","-","-",""
"미스틱 페더(피요몬)🚧","가루다몬","완전체","VACCINE","주작몬","궁극체","48시간","1200","8","","","-","-","-",""
"미스틱 페더(피요몬)🚧","뿌띠몬","완전체","DATA","주작몬","궁극체","48시간","1200","8","","","-","-","-",""
"미스틱 페더(피요몬)🚧","뿌띠몬","완전체","DATA","발두르몬","궁극체","48시간","1200","8","","","-","-","-",""
"미스틱 페더(피요몬)🚧","크로우몬","완전체","VIRUS","레이브몬","궁극체","48시간","1200","8","","","-","-","-",""
"미스틱 페더(피요몬)🚧","크로우몬","완전체","VIRUS","발두르몬","궁극체","48시간","1200","8","","","-","-","-",""
"미스틱 페더(피요몬)🚧","야타가라몬(2006)","완전체","VACCINE","레이브몬","궁극체","48시간","1200","8","","","-","-","-",""
"미스틱 페더(피요몬)🚧","야타가라몬(2006)","완전체","VACCINE","발두르몬","궁극체","48시간","1200","8","","","-","-","-",""
"미스틱 페더(피요몬)🚧","신드라몬","완전체","DATA","호루스몬","궁극체","48시간","1200","8","","","-","-","-",""
"미스틱 페더(피요몬)🚧","신드라몬","완전체","DATA","주작몬","궁극체","48시간","1200","8","","","-","-","-",""
"감마몬🚧","그루스감마몬","성숙기","VIRUS","잔메츠몬","완전체","36시간","3000","12","120","70%","-","-","-",""
"허밋 인 더 정글(팔몬)","유라몬 알","디지타마","VACCINE","유라몬","유년기 I","1시간","","","","","-","-","-",""
"허밋 인 더 정글(팔몬)","유라몬","유년기 I","VACCINE","시드몬","유년기 II","1시간","","","","","-","-","-",""
"허밋 인 더 정글(팔몬)","시드몬","유년기 II","VACCINE","팔몬","성장기","1시간","","","","","-","-","-",""
"허밋 인 더 정글(팔몬)","시드몬","유년기 II","VACCINE","라라몬","성장기","1시간","","","","","-","-","-",""
"허밋 인 더 정글(팔몬)","팔몬","성장기","DATA","니드몬","성숙기","24시간","1300","10","48","","-","-","-",""
"허밋 인 더 정글(팔몬)","팔몬","성장기","DATA","파라사우몬","성숙기","24시간","900","8","30","","-","-","-",""
"허밋 인 더 정글(팔몬)","팔몬","성장기","DATA","베지몬","성숙기","24시간","600","5","18","","-","-","-",""
"허밋 인 더 정글(팔몬)","팔몬","성장기","DATA","스나이몬","성숙기","24시간","1300","10","48","","-","-","-",""
"허밋 인 더 정글(팔몬)","라라몬","성장기","DATA","파라사우몬","성숙기","24시간","900","8","30","","-","-","-",""
"허밋 인 더 정글(팔몬)","라라몬","성장기","DATA","베지몬","성숙기","24시간","600","5","18","","-","-","-",""
"허밋 인 더 정글(팔몬)","라라몬","성장기","DATA","해바라기몬","성숙기","24시간","1300","10","48","","-","-","-",""
"허밋 인 더 정글(팔몬)","라라몬","성장기","DATA","스나이몬","성숙기","24시간","1300","10","48","","-","-","-",""
"허밋 인 더 정글(팔몬)","니드몬","성숙기","DATA","릴리몬","완전체","36시간","2500","10","80","50%","-","-","-",""
"허밋 인 더 정글(팔몬)","니드몬","성숙기","DATA","주엘비몬","완전체","36시간","3000","12","120","70%","-","-","-",""
"허밋 인 더 정글(팔몬)","니드몬","성숙기","DATA","트로피아몬","완전체","36시간","2000","8","80","50%","-","-","-",""
"허밋 인 더 정글(팔몬)","파라사우몬","성숙기","VIRUS","릴리몬","완전체","36시간","2500","10","80","50%","-","-","-",""
"허밋 인 더 정글(팔몬)","파라사우몬","성숙기","VIRUS","아야타라몬","완전체","36시간","3000","12","120","70%","-","-","-",""
"허밋 인 더 정글(팔몬)","파라사우몬","성숙기","VIRUS","트로피아몬","완전체","36시간","2000","8","80","50%","-","-","-",""
"허밋 인 더 정글(팔몬)","베지몬","성숙기","VIRUS","아야타라몬","완전체","36시간","3000","12","120","70%","-","-","-",""
"허밋 인 더 정글(팔몬)","베지몬","성숙기","VIRUS","브롯사몬","완전체","36시간","2500","10","80","50%","-","-","-",""
"허밋 인 더 정글(팔몬)","베지몬","성숙기","VIRUS","라일라몬","완전체","36시간","2000","8","80","50%","-","-","-",""
"허밋 인 더 정글(팔몬)","해바라기몬","성숙기","DATA","주엘비몬","완전체","36시간","3000","12","120","70%","-","-","-",""
"허밋 인 더 정글(팔몬)","해바라기몬","성숙기","DATA","브롯사몬","완전체","36시간","2500","10","80","50%","-","-","-",""
"허밋 인 더 정글(팔몬)","해바라기몬","성숙기","DATA","라일라몬","완전체","36시간","2000","8","80","50%","-","-","-",""
"허밋 인 더 정글(팔몬)","스나이몬","성숙기","VACCINE","아라크네몬","완전체","36시간","2000","8","80","50%","-","-","-",""
"허밋 인 더 정글(팔몬)","스나이몬","성숙기","VACCINE","브롯사몬","완전체","36시간","2500","10","80","50%","-","-","-",""
"허밋 인 더 정글(팔몬)","스나이몬","성숙기","VACCINE","주엘비몬","완전체","36시간","3000","12","120","70%","-","-","-",""
"허밋 인 더 정글(팔몬)","릴리몬","완전체","DATA","블룸로드몬","궁극체","48시간","5000","20","160","70%","-","-","-",""
"허밋 인 더 정글(팔몬)","릴리몬","완전체","DATA","로제몬","궁극체","48시간","4500","10","120","50%","-","-","-",""
"허밋 인 더 정글(팔몬)","로제몬","궁극체","DATA","로제몬: 버스트 모드","초궁극체","3시간","7000","25","240","70%","던전★★★","-","빨간색 디지바이스 버스트",""
"허밋 인 더 정글(팔몬)","로제몬","궁극체","DATA","라플레시몬","초궁극체","3시간","8000","30","320","70%","-","로터스몬","-",""
"허밋 인 더 정글(팔몬)","주엘비몬","완전체","VACCINE","블룸로드몬","궁극체","48시간","5000","20","160","70%","-","-","-",""
"허밋 인 더 정글(팔몬)","주엘비몬","완전체","VACCINE","로제몬","궁극체","48시간","4500","10","120","50%","-","-","-",""
"허밋 인 더 정글(팔몬)","아야타라몬","완전체","VACCINE","블룸로드몬","궁극체","48시간","5000","20","160","70%","-","-","-",""
"허밋 인 더 정글(팔몬)","아야타라몬","완전체","VACCINE","스피노몬","궁극체","48시간","4500","15","120","70%","-","-","-",""
"허밋 인 더 정글(팔몬)","트로피아몬","완전체","VIRUS","스피노몬","궁극체","48시간","4500","15","120","70%","-","-","-",""
"허밋 인 더 정글(팔몬)","트로피아몬","완전체","VIRUS","히드라몬","궁극체","48시간","7000","20","200","70%","던전 ★★★","-","-",""
"허밋 인 더 정글(팔몬)","브롯사몬","완전체","DATA","스피노몬","궁극체","48시간","4500","15","120","70%","-","-","-",""
"허밋 인 더 정글(팔몬)","브롯사몬","완전체","DATA","히드라몬","궁극체","48시간","7000","20","200","70%","던전 ★★★","-","-",""
"허밋 인 더 정글(팔몬)","라일라몬","완전체","DATA","로제몬","궁극체","48시간","4500","10","120","50%","-","-","-",""
"허밋 인 더 정글(팔몬)","아라크네몬","완전체","VIRUS","히드라몬","궁극체","48시간","7000","20","200","70%","던전 ★★★","-","-",""
"허밋 인 더 정글(팔몬)","아라크네몬","완전체","VIRUS","로제몬","궁극체","48시간","4500","10","120","50%","-","-","-",""
"에인션트 워리어즈(브이몬)","치코몬 알","디지타마","VACCINE","치코몬","유년기 I","1시간","","","","","-","-","-",""
"에인션트 워리어즈(브이몬)","치코몬","유년기 I","VACCINE","꼬마몬","유년기 II","1시간","","","","","-","-","-",""
"에인션트 워리어즈(브이몬)","꼬마몬","유년기 II","VACCINE","브이몬","성장기","1시간","","","","","-","-","-",""
"에인션트 워리어즈(브이몬)","브이몬","성장기","FREE","번개드라몬","성숙기","24시간","","","","","-","-","우정의 캡슐",""
"에인션트 워리어즈(브이몬)","브이몬","성장기","FREE","엑스브이몬","성숙기","24시간","800","5","18","","-","-","-",""
"에인션트 워리어즈(브이몬)","브이몬","성장기","FREE","화염드라몬","성숙기","24시간","500","3","","","-","-","용기의 캡슐",""
"에인션트 워리어즈(브이몬)","브이몬","성장기","FREE","브이드라몬","성숙기","24시간","1200","8","48","","-","-","-",""
"에인션트 워리어즈(브이몬)","번개드라몬","성숙기","FREE","디지타몬","완전체","36시간","2000","6","80","50%","-","-","-",""
"에인션트 워리어즈(브이몬)","번개드라몬","성숙기","FREE","사수몬","완전체","36시간","2500","10","80","50%","-","-","-",""
"에인션트 워리어즈(브이몬)","엑스브이몬","성숙기","FREE","골드브이드라몬","완전체","36시간","2000","6","80","50%","-","-","-",""
"에인션트 워리어즈(브이몬)","엑스브이몬","성숙기","FREE","파일드라몬","완전체","36시간","3000","12","120","70%","-","스팅몬","-",""
"에인션트 워리어즈(브이몬)","화염드라몬","성숙기","FREE","디지타몬","완전체","36시간","2000","6","80","50%","-","-","-",""
"에인션트 워리어즈(브이몬)","화염드라몬","성숙기","FREE","사수몬","완전체","36시간","2500","10","80","50%","-","-","-",""
"에인션트 워리어즈(브이몬)","브이드라몬","성숙기","VACCINE","사수몬","완전체","36시간","2500","10","80","50%","-","-","-",""
"에인션트 워리어즈(브이몬)","브이드라몬","성숙기","VACCINE","에어로브이드라몬","완전체","36시간","3000","12","120","70%","-","-","-",""
"에인션트 워리어즈(브이몬)","브이드라몬","성숙기","VACCINE","골드브이드라몬","완전체","36시간","2000","6","80","50%","-","-","-",""
"에인션트 워리어즈(브이몬)","디지타몬","완전체","DATA","매그너몬","궁극체","48시간","4500","10","120","50%","-","-","",""
"에인션트 워리어즈(브이몬)","디지타몬","완전체","DATA","알포스브이드라몬","궁극체","48시간","5000","20","160","70%","-","-","-",""
"에인션트 워리어즈(브이몬)","골드브이드라몬","완전체","VACCINE","매그너몬","궁극체","48시간","4500","10","120","50%","-","-","",""
"에인션트 워리어즈(브이몬)","에어로브이드라몬","완전체","VACCINE","알포스브이드라몬","궁극체","48시간","5000","20","160","70%","-","-","-",""
"에인션트 워리어즈(브이몬)","알포스브이드라몬","궁극체","VACCINE","알포스브이드라몬(X항체)","초궁극체","-","8000","30","320","70%","","-","X항체",""
"에인션트 워리어즈(브이몬)","매그너몬","궁극체","FREE","매그너몬(X항체)","초궁극체","-","8000","30","320","70%","-","-","X항체",""
"에인션트 워리어즈(브이몬)","파일드라몬","완전체","FREE","황제드라몬: 드래곤 모드","궁극체","48시간","4500","15","120","70%","-","-","-",""
"에인션트 워리어즈(브이몬)","황제드라몬: 드래곤 모드","궁극체","FREE","황제드라몬: 파이터 모드","초궁극체","3시간","7000","25","240","70%","던전 ★★★","-","-",""
"에인션트 워리어즈(브이몬)","황제드라몬: 파이터 모드","초궁극체","FREE","황제드라몬: 팔라딘 모드","초궁극체II","-","8000","30","320","70%","-","오메가몬","-",""
"에인션트 워리어즈(브이몬)","사수몬","완전체","FREE","매그너몬","궁극체","48시간","4500","10","120","50%","-","-","",""
"에인션트 워리어즈(브이몬)","사수몬","완전체","FREE","알포스브이드라몬","궁극체","48시간","5000","20","160","70%","-","-","-",""
"에인션트 워리어즈(브이몬)","브이몬","성장기","FREE","매그너몬","궁극체","48시간","4500","10","120","50%","-","-","",""
"에인션트 워리어즈(브이몬)","브이몬","성장기","FREE","사수몬","완전체","36시간","2500","10","80","50%","-","-","-",""
"드라코닉 블레이즈(드라코몬)🚧","슬레이어드라몬","궁극체","VACCINE","엑자몬","초궁극체","-","","30","320","70%","-","슬레이어드라몬,브레이크드라몬","-",""
"드라코닉 블레이즈(드라코몬)🚧","브레이크드라몬","궁극체","VIRUS","엑자몬","초궁극체","-","","30","320","70%","-","슬레이어드라몬,브레이크드라몬","-",""
"드라코닉 블레이즈(드라코몬)🚧","쁘띠몬 알","디지타마","VACCINE","쁘띠몬","유년기 I","1시간","","","","","-","-","-",""
"드라코닉 블레이즈(드라코몬)🚧","쁘띠몬","유년기 I","VACCINE","베이비드몬","유년기 II","1시간","","","","","-","-","-",""
"드라코닉 블레이즈(드라코몬)🚧","베이비드몬","유년기 II","VACCINE","드라코몬","성장기","1시간","","","","","-","-","-",""
"드라코닉 블레이즈(드라코몬)🚧","드라코몬","성장기","DATA","코어드라몬(청)","성숙기","24시간","900","8","30","","-","-","-",""
"드라코닉 블레이즈(드라코몬)🚧","드라코몬","성장기","DATA","코어드라몬(녹)","성숙기","24시간","","","","","-","-","-",""
"드라코닉 블레이즈(드라코몬)🚧","드라코몬","성장기","DATA","다크티라노몬","성숙기","24시간","1300","10","48","","-","-","-",""
"드라코닉 블레이즈(드라코몬)🚧","드라코몬","성장기","DATA","태스크몬","성숙기","24시간","600","5","18","","-","-","-",""
"드라코닉 블레이즈(드라코몬)🚧","코어드라몬(청)","성숙기","VACCINE","윙드라몬","완전체","36시간","3000","12","120","70%","-","-","-",""
"드라코닉 블레이즈(드라코몬)🚧","코어드라몬(청)","성숙기","VACCINE","메가드라몬","완전체","36시간","","","","","-","-","-",""
"드라코닉 블레이즈(드라코몬)🚧","코어드라몬(청)","성숙기","VACCINE","기가드라몬","완전체","36시간","","","","","-","-","-",""
"드라코닉 블레이즈(드라코몬)🚧","코어드라몬(녹)","성숙기","VIRUS","윙드라몬","완전체","36시간","3000","12","120","70%","-","-","-",""
"드라코닉 블레이즈(드라코몬)🚧","코어드라몬(녹)","성숙기","VIRUS","메가드라몬","완전체","36시간","","","","","-","-","-",""
"드라코닉 블레이즈(드라코몬)🚧","코어드라몬(녹)","성숙기","VIRUS","그라운드라몬","완전체","36시간","","","","","-","-","-",""
"드라코닉 블레이즈(드라코몬)🚧","다크티라노몬","성숙기","VIRUS","기가드라몬","완전체","36시간","","","","","-","-","-",""
"드라코닉 블레이즈(드라코몬)🚧","다크티라노몬","성숙기","VIRUS","메탈티라노몬","완전체","36시간","2500","10","80","50%","-","-","-",""
"드라코닉 블레이즈(드라코몬)🚧","다크티라노몬","성숙기","VIRUS","키메라몬","완전체","36시간","3000","12","120","70%","-","-","-",""
"드라코닉 블레이즈(드라코몬)🚧","태스크몬","성숙기","VIRUS","그라운드라몬","완전체","36시간","","","","","-","-","-",""
"드라코닉 블레이즈(드라코몬)🚧","태스크몬","성숙기","VIRUS","메탈티라노몬","완전체","36시간","2500","10","80","50%","-","-","-",""
"드라코닉 블레이즈(드라코몬)🚧","태스크몬","성숙기","VIRUS","키메라몬","완전체","36시간","3000","12","120","70%","-","-","-",""
"드라코닉 블레이즈(드라코몬)🚧","윙드라몬","완전체","VACCINE","슬레이어드라몬","궁극체","48시간","5000","20","160","70%","-","-","-",""
"드라코닉 블레이즈(드라코몬)🚧","윙드라몬","완전체","VACCINE","브레이크드라몬","궁극체","48시간","4500","15","120","70%","-","-","-",""
"드라코닉 블레이즈(드라코몬)🚧","메가드라몬","완전체","VIRUS","브레이크드라몬","궁극체","48시간","4500","15","120","70%","-","-","-",""
"드라코닉 블레이즈(드라코몬)🚧","메가드라몬","완전체","VIRUS","다크드라몬","궁극체","48시간","","","","","-","-","-",""
"드라코닉 블레이즈(드라코몬)🚧","그라운드라몬","완전체","VIRUS","슬레이어드라몬","궁극체","48시간","5000","20","160","70%","-","-","-",""
"드라코닉 블레이즈(드라코몬)🚧","그라운드라몬","완전체","VIRUS","얼티메이트브라키몬","궁극체","48시간","4500","15","120","70%","-","-","-",""
"드라코닉 블레이즈(드라코몬)🚧","기가드라몬","완전체","VIRUS","다크드라몬","궁극체","48시간","","","","","-","-","-",""
"드라코닉 블레이즈(드라코몬)🚧","기가드라몬","완전체","VIRUS","슬레이어드라몬","궁극체","48시간","5000","20","160","70%","-","-","-",""
"드라코닉 블레이즈(드라코몬)🚧","메탈티라노몬","완전체","VIRUS","얼티메이트브라키몬","궁극체","48시간","4500","15","120","70%","-","-","-",""
"드라코닉 블레이즈(드라코몬)🚧","메탈티라노몬","완전체","VIRUS","브레이크드라몬","궁극체","48시간","4500","15","120","70%","-","-","-",""
"드라코닉 블레이즈(드라코몬)🚧","키메라몬","완전체","DATA","얼티메이트브라키몬","궁극체","48시간","4500","15","120","70%","-","-","-",""
"드라코닉 블레이즈(드라코몬)🚧","키메라몬","완전체","DATA","다크드라몬","궁극체","48시간","","","","","-","-","-",""
"즈바몬🚧","사쿠몬 알","디지타마","VACCINE","사쿠몬","유년기 I","1시간","","","","","-","-","-",""
"즈바몬🚧","사쿠몬","유년기 I","VACCINE","사쿳토몬","유년기 II","1시간","","","","","-","-","-",""
"즈바몬🚧","사쿳토몬","유년기 II","VACCINE","즈바몬","성장기","1시간","","","","","-","-","-",""
"즈바몬🚧","사쿳토몬","유년기 II","VACCINE","헉몬","성장기","1시간","","","","","-","-","-",""
"즈바몬🚧","즈바몬","성장기","VACCINE","즈바이거몬","성숙기","24시간","1300","10","48","","-","-","-",""
"즈바몬🚧","즈바몬","성장기","VACCINE","스타몬","성숙기","24시간","900","8","30","","-","-","-",""
"즈바몬🚧","즈바몬","성장기","VACCINE","스파이더몬","성숙기","24시간","","","","","-","-","-",""
"즈바몬🚧","헉몬","성장기","DATA","스타몬","성숙기","24시간","900","8","30","","-","-","-",""
"즈바몬🚧","헉몬","성장기","DATA","스파이더몬","성숙기","24시간","","","","","-","-","-",""
"즈바몬🚧","헉몬","성장기","DATA","바오헉몬","성숙기","24시간","1300","10","48","","-","-","-",""
"즈바몬🚧","즈바이거몬","성숙기","VACCINE","듀라몬","완전체","36시간","3000","20","120","70%","-","-","-",""
"즈바몬🚧","즈바이거몬","성숙기","VACCINE","슈퍼스타몬","완전체","36시간","2500","10","80","50%","-","-","-",""
"즈바몬🚧","스타몬","성숙기","DATA","듀라몬","완전체","36시간","3000","20","120","70%","-","-","-",""
"즈바몬🚧","스타몬","성숙기","DATA","세이버헉몬","완전체","36시간","3000","12","120","70%","-","-","-",""
"즈바몬🚧","스타몬","성숙기","DATA","퍼펫몬","완전체","36시간","","","","","-","-","-",""
"즈바몬🚧","스파이더몬","성숙기","VIRUS","슈퍼스타몬","완전체","36시간","2500","10","80","50%","-","-","-",""
"즈바몬🚧","스파이더몬","성숙기","VIRUS","퍼펫몬","완전체","36시간","","","","","-","-","-",""
"즈바몬🚧","스파이더몬","성숙기","VIRUS","다크슈퍼스타몬","완전체","36시간","","","","","-","-","-",""
"즈바몬🚧","바오헉몬","성숙기","DATA","다크슈퍼스타몬","완전체","36시간","","","","","-","-","-",""
"즈바몬🚧","바오헉몬","성숙기","DATA","세이버헉몬","완전체","36시간","3000","12","120","70%","-","-","-",""
"즈바몬🚧","듀라몬","완전체","VACCINE","듀란다몬","궁극체","48시간","5000","20","160","70%","-","-","-",""
"즈바몬🚧","듀라몬","완전체","VACCINE","제스몬","궁극체","48시간","7000","20","200","70%","던전 ★★★","-","-",""
"즈바몬🚧","듀란다몬","궁극체","VACCINE","라그나로드몬","초궁극체","-","8000","30","320","70%","-","브리웨루드라몬","-",""
"즈바몬🚧","세이버헉몬","완전체","DATA","듀란다몬","궁극체","48시간","5000","20","160","70%","-","-","-",""
"즈바몬🚧","세이버헉몬","완전체","DATA","제스몬","궁극체","48시간","7000","20","200","70%","던전 ★★★","-","-",""
"즈바몬🚧","슈퍼스타몬","완전체","DATA","신퍼펫몬","궁극체","48시간","","","","","-","-","-",""
"즈바몬🚧","퍼펫몬","완전체","VACCINE","신퍼펫몬","궁극체","48시간","","","","","-","-","-",""
"즈바몬🚧","다크슈퍼스타몬","완전체","VIRUS","신퍼펫몬","궁극체","48시간","","","","","-","-","-",""
"프라이미벌 워리어즈(추추몬)🚧","잎새몬알","디지타마","VACCINE","잎새몬","유년기 I","1시간","","","","","-","-","-",""
"프라이미벌 워리어즈(추추몬)🚧","잎새몬","유년기 I","VACCINE","데롱몬","유년기 II","1시간","","","","","-","-","-",""
"프라이미벌 워리어즈(추추몬)🚧","데롱몬","유년기 II","VACCINE","추추몬","성장기","1시간","","","","","-","-","-",""
"프라이미벌 워리어즈(추추몬)🚧","추추몬","성장기","FREE","스팅몬","성숙기","24시간","1300","10","48","","-","-","-",""
"프라이미벌 워리어즈(추추몬)🚧","추추몬","성장기","FREE","샤드라몬","성숙기","24시간","900","8","30","","-","-","용기의 캡슐",""
"프라이미벌 워리어즈(추추몬)🚧","추추몬","성장기","FREE","후디에몬","성숙기","24시간","600","5","18","","-","-","-",""
"프라이미벌 워리어즈(추추몬)🚧","추추몬","성장기","FREE","고키몬","성숙기","24시간","","","","","-","-","-",""
"프라이미벌 워리어즈(추추몬)🚧","그랜쿠가몬","궁극체","FREE","그랑디스쿠가몬","초궁극체","-","","","","","-","-","-",""
"프라이미벌 워리어즈(추추몬)🚧","그랜쿠가몬","궁극체","FREE","타이런트캅테리몬","초궁극체","-","","","","","-","-","-",""
"프라이미벌 워리어즈(추추몬)🚧","추추몬","성장기","FREE","푸치몬","완전체","36시간","","","","","-","-","",""
"프라이미벌 워리어즈(추추몬)🚧","샤드라몬","성숙기","FREE","콩고몬","완전체","36시간","","","","","-","-","-",""
"프라이미벌 워리어즈(추추몬)🚧","샤드라몬","성숙기","FREE","푸치몬","완전체","36시간","","","","","-","-","",""
"프라이미벌 워리어즈(추추몬)🚧","스팅몬","성숙기","FREE","주엘비몬","완전체","36시간","2500","10","80","50%","-","-","-",""
"프라이미벌 워리어즈(추추몬)🚧","스팅몬","성숙기","FREE","푸치몬(녹)","완전체","36시간","2000","8","80","50%","-","-","-",""
"프라이미벌 워리어즈(추추몬)🚧","스팅몬","성숙기","FREE","다이노몬","완전체","36시간","2500","10","80","50%","-","엑스브이몬","-",""
"프라이미벌 워리어즈(추추몬)🚧","추추몬","성장기","FREE","콩고몬","완전체","36시간","","","","","-","-","-",""
"프라이미벌 워리어즈(추추몬)🚧","푸치몬","완전체","FREE","반쵸스팅몬","궁극체","48시간","","","","","-","-","-",""
"프라이미벌 워리어즈(추추몬)🚧","콩고몬","완전체","FREE","타이거베스파몬","궁극체","48시간","5000","20","160","70%","-","-","-",""
"프라이미벌 워리어즈(추추몬)🚧","주엘비몬","완전체","VACCINE","반쵸스팅몬","궁극체","48시간","","","","","-","-","-",""
"프라이미벌 워리어즈(추추몬)🚧","주엘비몬","완전체","VACCINE","타이거베스파몬","궁극체","48시간","5000","20","160","70%","-","-","-",""
"프라이미벌 워리어즈(추추몬)🚧","푸치몬(녹)","완전체","FREE","타이거베스파몬","궁극체","48시간","5000","20","160","70%","-","-","-",""
"프라이미벌 워리어즈(추추몬)🚧","다이노몬","완전체","FREE","그랜쿠가몬","궁극체","48시간","5000","20","160","70%","-","-","-",""
"프라이미벌 워리어즈(추추몬)🚧","후디에몬","성숙기","FREE","주엘비몬","완전체","36시간","2500","10","80","50%","-","-","-",""
"프라이미벌 워리어즈(추추몬)🚧","후디에몬","성숙기","FREE","푸치몬(녹)","완전체","36시간","2000","8","80","50%","-","-","-",""
"프라이미벌 워리어즈(추추몬)🚧","고키몬","성숙기","VIRUS","푸치몬(녹)","완전체","36시간","2000","8","80","50%","-","-","-",""
"프라이미벌 워리어즈(추추몬)🚧","고키몬","성숙기","VIRUS","콩고몬","완전체","36시간","","","","","-","-","-",""
"다이너스티 오브 디 이블(임프몬)🚧","키몬 알","디지타마","VACCINE","키몬","유년기 I","1시간","","","","","-","-","-",""
"다이너스티 오브 디 이블(임프몬)🚧","키몬","유년기 I","VACCINE","야몬","유년기 II","1시간","","","","","-","-","-",""
"다이너스티 오브 디 이블(임프몬)🚧","야몬","유년기 II","VACCINE","임프몬","성장기","1시간","","","","","-","-","-",""
"다이너스티 오브 디 이블(임프몬)🚧","임프몬","성장기","VIRUS","블랙버드라몬","성숙기","24시간","1300","10","48","","-","-","-",""
"다이너스티 오브 디 이블(임프몬)🚧","임프몬","성장기","VIRUS","데블몬","성숙기","24시간","600","5","18","","-","-","-",""
"다이너스티 오브 디 이블(임프몬)🚧","임프몬","성장기","VIRUS","고스몬","성숙기","24시간","","","","","-","-","-",""
"다이너스티 오브 디 이블(임프몬)🚧","임프몬","성장기","VIRUS","위자몬","성숙기","24시간","900","8","30","","-","-","-",""
"다이너스티 오브 디 이블(임프몬)🚧","블랙버드라몬","성숙기","VACCINE","사이버드라몬(2010)","완전체","36시간","","","","","-","-","-",""
"다이너스티 오브 디 이블(임프몬)🚧","블랙버드라몬","성숙기","VACCINE","팬텀몬","완전체","36시간","","","","","-","-","-",""
"다이너스티 오브 디 이블(임프몬)🚧","블랙버드라몬","성숙기","VACCINE","묘티스몬","완전체","36시간","2500","10","80","50%","-","-","-",""
"다이너스티 오브 디 이블(임프몬)🚧","데블몬","성숙기","VIRUS","묘티스몬","완전체","36시간","2500","10","80","50%","-","-","-",""
"다이너스티 오브 디 이블(임프몬)🚧","데블몬","성숙기","VIRUS","바알몬","완전체","36시간","3000","12","120","80%","-","-","-",""
"다이너스티 오브 디 이블(임프몬)🚧","데블몬","성숙기","VIRUS","조커몬","완전체","36시간","2000","8","80","50%","-","-","-",""
"다이너스티 오브 디 이블(임프몬)🚧","고스몬","성숙기","VIRUS","펌프몬","완전체","36시간","2000","8","80","50%","-","-","-",""
"다이너스티 오브 디 이블(임프몬)🚧","고스몬","성숙기","VIRUS","사이버드라몬(2010)","완전체","36시간","","","","","-","-","-",""
"다이너스티 오브 디 이블(임프몬)🚧","고스몬","성숙기","VIRUS","팬텀몬","완전체","36시간","","","","","-","-","-",""
"다이너스티 오브 디 이블(임프몬)🚧","위자몬","성숙기","DATA","조커몬","완전체","36시간","2000","8","80","50%","-","-","-",""
"다이너스티 오브 디 이블(임프몬)🚧","위자몬","성숙기","DATA","펌프몬","완전체","36시간","2000","8","80","50%","-","-","-",""
"다이너스티 오브 디 이블(임프몬)🚧","위자몬","성숙기","DATA","바알몬","완전체","36시간","3000","12","120","80%","-","-","-",""
"다이너스티 오브 디 이블(임프몬)🚧","사이버드라몬(2010)","완전체","VACCINE","네오묘티스몬","궁극체","48시간","1200","8","","","-","-","-",""
"다이너스티 오브 디 이블(임프몬)🚧","사이버드라몬(2010)","완전체","VACCINE","베르제브몬(2010)","궁극체","48시간","","","","","-","-","-",""
"다이너스티 오브 디 이블(임프몬)🚧","팬텀몬","완전체","VIRUS","노블펌프몬","궁극체","48시간","4500","10","120","50%","-","-","-",""
"다이너스티 오브 디 이블(임프몬)🚧","팬텀몬","완전체","VIRUS","네오묘티스몬","궁극체","48시간","1200","8","","","-","-","-",""
"다이너스티 오브 디 이블(임프몬)🚧","묘티스몬","완전체","VIRUS","네오묘티스몬","궁극체","48시간","1200","8","","","-","-","-",""
"다이너스티 오브 디 이블(임프몬)🚧","묘티스몬","완전체","VIRUS","피에몬","궁극체","48시간","5000","20","160","70%","-","-","-",""
"다이너스티 오브 디 이블(임프몬)🚧","바알몬","완전체","FREE","노블펌프몬","궁극체","48시간","4500","10","120","50%","-","-","-",""
"다이너스티 오브 디 이블(임프몬)🚧","바알몬","완전체","FREE","베르제브몬","궁극체","48시간","4500","15","120","70%","-","-","-",""
"다이너스티 오브 디 이블(임프몬)🚧","펌프몬","완전체","DATA","피에몬","궁극체","48시간","5000","20","160","70%","-","-","-",""
"다이너스티 오브 디 이블(임프몬)🚧","펌프몬","완전체","DATA","노블펌프몬","궁극체","48시간","4500","10","120","50%","-","-","-",""
"다이너스티 오브 디 이블(임프몬)🚧","조커몬","완전체","VIRUS","피에몬","궁극체","48시간","5000","20","160","70%","-","-","-",""
"다이너스티 오브 디 이블(임프몬)🚧","조커몬","완전체","VIRUS","베르스타몬","궁극체","48시간","4500","15","120","70%","-","-","-",""
"다이너스티 오브 디 이블(임프몬)🚧","베르제브몬","궁극체","VIRUS","베르제브몬: 블래스트 모드","초궁극체","-","8000","30","320","70%","-","-","장난감총",""
"홀리 윙(파닥몬/럭스몬)","포요몬 알","디지타마","VACCINE","포요몬","유년기 I","1시간","","","","","-","-","-",""
"홀리 윙(파닥몬/럭스몬)","포요몬","유년기 I","VACCINE","토코몬","유년기 II","1시간","","","","","-","-","-",""
"홀리 윙(파닥몬/럭스몬)","토코몬","유년기 II","VACCINE","파닥몬","성장기","1시간","","","","","-","-","-",""
"홀리 윙(파닥몬/럭스몬)","토코몬","유년기 II","VACCINE","럭스몬","성장기","1시간","","","","","-","-","-",""
"홀리 윙(파닥몬/럭스몬)","파닥몬","성장기","DATA","엔젤몬","성숙기","24시간","1300","10","48","","","","",""
"홀리 윙(파닥몬/럭스몬)","파닥몬","성장기","DATA","페가수스몬","성숙기","24시간","900","8","30","","","","희망의 캡슐",""
"홀리 윙(파닥몬/럭스몬)","파닥몬","성장기","DATA","피드몬","성숙기","24시간","600","5","18","","","","",""
"홀리 윙(파닥몬/럭스몬)","럭스몬","성장기","VACCINE","엔젤몬","성숙기","24시간","1300","10","48","","","","",""
"홀리 윙(파닥몬/럭스몬)","럭스몬","성장기","VACCINE","피드몬","성숙기","24시간","600","5","18","","","","",""
"홀리 윙(파닥몬/럭스몬)","럭스몬","성장기","VACCINE","시취에몬","성숙기","24시간","900","8","30","","","","",""
"홀리 윙(파닥몬/럭스몬)","엔젤몬","성숙기","VACCINE","홀리엔젤몬","완전체","36시간","3000","12","120","70%","","","",""
"홀리 윙(파닥몬/럭스몬)","엔젤몬","성숙기","VACCINE","아르케엔젤몬","완전체","36시간","3000","12","120","70%","","","",""
"홀리 윙(파닥몬/럭스몬)","페가수스몬","성숙기","FREE","아르케엔젤몬","완전체","36시간","3000","12","120","70%","","","",""
"홀리 윙(파닥몬/럭스몬)","페가수스몬","성숙기","FREE","치린몬","완전체","36시간","3000","12","120","70%","","","",""
"홀리 윙(파닥몬/럭스몬)","페가수스몬","성숙기","FREE","히포그리포몬","완전체","36시간","2000","8","80","50%","","","",""
"홀리 윙(파닥몬/럭스몬)","피드몬","성숙기","VACCINE","홀리엔젤몬","완전체","36시간","3000","12","120","70%","","","",""
"홀리 윙(파닥몬/럭스몬)","피드몬","성숙기","VACCINE","만티코어몬","완전체","36시간","2500","10","80","50%","","","",""
"홀리 윙(파닥몬/럭스몬)","피드몬","성숙기","VACCINE","히포그리포몬","완전체","36시간","2000","8","80","50%","","","",""
"홀리 윙(파닥몬/럭스몬)","시취에몬","성숙기","VACCINE","치린몬","완전체","36시간","3000","12","120","70%","","","",""
"홀리 윙(파닥몬/럭스몬)","시취에몬","성숙기","VACCINE","만티코어몬","완전체","36시간","2500","10","80","50%","","","",""
"홀리 윙(파닥몬/럭스몬)","홀리엔젤몬","완전체","VACCINE","도미니몬","궁극체","48시간","4500","15","120","70%","","","",""
"홀리 윙(파닥몬/럭스몬)","홀리엔젤몬","완전체","VACCINE","세라피몬","궁극체","48시간","5000","20","160","70%","","","",""
"홀리 윙(파닥몬/럭스몬)","아르케엔젤몬","완전체","VACCINE","세라피몬","궁극체","48시간","5000","20","160","70%","","","",""
"홀리 윙(파닥몬/럭스몬)","아르케엔젤몬","완전체","VACCINE","슬래쉬엔젤몬","궁극체","48시간","4500","15","120","70%","","","",""
"홀리 윙(파닥몬/럭스몬)","만티코어몬","완전체","VIRUS","슬래쉬엔젤몬","궁극체","48시간","4500","15","120","70%","","","",""
"홀리 윙(파닥몬/럭스몬)","치린몬","완전체","VACCINE","도미니몬","궁극체","48시간","4500","15","120","70%","","","",""
"홀리 윙(파닥몬/럭스몬)","치린몬","완전체","VACCINE","샹펑몬","궁극체","48시간","5000","20","160","70%","","","",""
"홀리 윙(파닥몬/럭스몬)","히포그리포몬","완전체","DATA","샹펑몬","궁극체","48시간","5000","20","160","70%","","","",""
"홀리 윙(파닥몬/럭스몬)","도미니몬","궁극체","VACCINE","샤카몬","초궁극체","-","8000","30","320","70%","던전 ★★★","도미니몬,샹펑몬","",""
"홀리 윙(파닥몬/럭스몬)","샹펑몬","궁극체","VACCINE","샤카몬","초궁극체","-","8000","30","320","70%","던전 ★★★","도미니몬,샹펑몬","",""
"레베몬 EX🚧","포포몬 알","디지타마","VACCINE","포포몬","유년기 I","1시간","","","","","-","-","-",""
"레베몬 EX🚧","포포몬","유년기 I","VACCINE","프리몬","유년기 II","1시간","","","","","-","-","-",""
"레베몬 EX🚧","프리몬","유년기 II","VACCINE","레오르몬","성장기","1시간","","","","","-","-","-",""
"레베몬 EX🚧","프리몬","유년기 II","VACCINE","가지몬","성장기","1시간","","","","","-","-","-",""
"레베몬 EX🚧","레오르몬","성장기","VACCINE","레베몬","성숙기","24시간","","","","","","","",""
"레베몬 EX🚧","레오르몬","성장기","VACCINE","라이아몬","성숙기","24시간","","","","","","","",""
"레베몬 EX🚧","가지몬","성장기","VIRUS","매드레오몬","성숙기","24시간","","","","","","","",""
"레베몬 EX🚧","가지몬","성장기","VIRUS","더스크몬","성숙기","24시간","1300","10","48","","","","",""
"레베몬 EX🚧","레베몬","성숙기","FREE","카이저레오몬","완전체","36시간","","","","","","","",""
"레베몬 EX🚧","레베몬","성숙기","FREE","라이히몬","완전체","36시간","","","","","","","",""
"레베몬 EX🚧","라이아몬","성숙기","VACCINE","카이저레오몬","완전체","36시간","","","","","","","",""
"레베몬 EX🚧","라이아몬","성숙기","VACCINE","로더레오몬","완전체","36시간","","","","","","","",""
"레베몬 EX🚧","매드레오몬","성숙기","VIRUS","로더레오몬","완전체","36시간","","","","","","","",""
"레베몬 EX🚧","매드레오몬","성숙기","VIRUS","스컬사탄몬","완전체","36시간","","","","","","","",""
"레베몬 EX🚧","더스크몬","성숙기","FREE","베르그몬","완전체","36시간","3000","12","120","70%","","","",""
"레베몬 EX🚧","더스크몬","성숙기","FREE","스컬사탄몬","완전체","36시간","","","","","","","",""
"레베몬 EX🚧","카이저레오몬","완전체","FREE","샤벨레오몬","궁극체","48시간","","","","","","","",""
"레베몬 EX🚧","카이저레오몬","완전체","FREE","에이션트스핑크스몬","궁극체","48시간","","","","","","","",""
"레베몬 EX🚧","로더레오몬","완전체","VACCINE","샤벨레오몬","궁극체","48시간","","","","","","","",""
"레베몬 EX🚧","로더레오몬","완전체","VACCINE","에이션트스핑크스몬","궁극체","48시간","","","","","","","",""
"레베몬 EX🚧","라이히몬","완전체","FREE","에이션트스핑크스몬","궁극체","48시간","","","","","","","",""
"레베몬 EX🚧","라이히몬","완전체","FREE","다이노타이거몬","궁극체","48시간","","","","","","","",""
"레베몬 EX🚧","베르그몬","완전체","FREE","다이노타이거몬","궁극체","48시간","","","","","","","",""
"레베몬 EX🚧","베르그몬","완전체","FREE","데스몬","궁극체","48시간","","","","","","","",""
"레베몬 EX🚧","스컬사탄몬","완전체","VIRUS","데스몬","궁극체","48시간","","","","","","","",""
"레베몬 EX🚧","스컬사탄몬","완전체","VIRUS","다이노타이거몬","궁극체","48시간","","","","","","","",""
"허밋 인 더 정글(팔몬)","라일라몬","완전체","DATA","히드라몬","궁극체","48시간","7000","20","200","70%","던전 ★★★","-","-",""
"루도몬🚧","코츠코몬 알","디지타마","VACCINE","코츠코몬","유년기 I","1시간","","","","","-","-","-",""
"루도몬🚧","코츠코몬","유년기 I","VACCINE","캇킨몬","유년기 II","1시간","","","","","-","-","-",""
"루도몬🚧","캇킨몬","유년기 II","VACCINE","루도몬","성장기","1시간","","","","","-","-","-",""
"루도몬🚧","캇킨몬","유년기 II","VACCINE","코만드라몬","성장기","1시간","","","","","-","-","-",""
"루도몬🚧","루도몬","성장기","DATA","티아루도몬","성숙기","24시간","1300","10","48","","","","",""
"루도몬🚧","루도몬","성장기","DATA","실즈드라몬","성숙기","24시간","900","8","30","","","","",""
"루도몬🚧","루도몬","성장기","DATA","델타몬","성숙기","24시간","","","","","","","",""
"루도몬🚧","코만드라몬","성장기","VIRUS","실즈드라몬","성숙기","24시간","900","8","30","","","","",""
"루도몬🚧","코만드라몬","성장기","VIRUS","델타몬","성숙기","24시간","","","","","","","",""
"루도몬🚧","코만드라몬","성장기","VIRUS","하이코만드라몬","성숙기","24시간","1300","10","48","","","","",""
"루도몬🚧","티아루도몬","성숙기","DATA","라이지루도몬","완전체","36시간","3000","12","120","70%","","","",""
"루도몬🚧","티아루도몬","성숙기","DATA","디지타몬","완전체","36시간","2500","10","80","50%","-","-","-",""
"루도몬🚧","라이지루도몬","완전체","DATA","브리웨루드라몬","궁극체","48시간","5000","20","160","70%","","","",""
"루도몬🚧","브리웨루드라몬","궁극체","DATA","라그나로드몬","초궁극체","-","8000","30","320","70%","-","브리웨루드라몬,듀란다몬","-",""
"루도몬🚧","실즈드라몬","성숙기","VIRUS","라이지루도몬","완전체","36시간","3000","12","120","70%","","","",""
"루도몬🚧","실즈드라몬","성숙기","VIRUS","카고드라몬","완전체","36시간","","","","","","","",""
"루도몬🚧","실즈드라몬","성숙기","VIRUS","만티코어몬","완전체","36시간","2000","8","80","50%","","","",""
"루도몬🚧","델타몬","성숙기","VIRUS","디지타몬","완전체","36시간","2500","10","80","50%","-","-","-",""
"루도몬🚧","델타몬","성숙기","VIRUS","만티코어몬","완전체","36시간","2000","8","80","50%","","","",""
"루도몬🚧","델타몬","성숙기","VIRUS","탱크드라몬","완전체","36시간","3000","12","120","70%","","","",""
"루도몬🚧","카고드라몬","완전체","VIRUS","브리웨루드라몬","궁극체","48시간","5000","20","160","70%","","","",""
"루도몬🚧","카고드라몬","완전체","VIRUS","브리가드라몬","궁극체","48시간","","","","","","","",""
"루도몬🚧","디지타몬","완전체","DATA","데블타몬","궁극체","48시간","","","","","","","",""
"루도몬🚧","만티코어몬","완전체","VIRUS","데블타몬","궁극체","48시간","","","","","","","",""
"루도몬🚧","만티코어몬","완전체","VIRUS","다크드라몬","궁극체","48시간","","","","","-","-","-",""
"루도몬🚧","탱크드라몬","완전체","VIRUS","브리가드라몬","궁극체","48시간","","","","","","","",""
"루도몬🚧","탱크드라몬","완전체","VIRUS","다크드라몬","궁극체","48시간","","","","","-","-","-",""
"루도몬🚧","하이코만드라몬","성숙기","VIRUS","탱크드라몬","완전체","36시간","3000","12","120","70%","","","",""
"루도몬🚧","하이코만드라몬","성숙기","VIRUS","카고드라몬","완전체","36시간","","","","","","","",""
"도루몬🚧","도도몬 알","디지타마","VACCINE","도도몬","유년기 I","1시간","","","","","-","-","-",""
"도루몬🚧","도도몬","유년기 I","VACCINE","도리몬","유년기 II","1시간","","","","","-","-","-",""
"도루몬🚧","도리몬","유년기 II","VACCINE","도루몬","성장기","1시간","","","","","-","-","-",""
"도루몬🚧","도루몬","성장기","DATA","도루가몬","성숙기","24시간","1300","10","48","","","","",""
"도루몬🚧","도루몬","성장기","DATA","라프타드라몬","성숙기","24시간","","","","","","","",""
"도루몬🚧","도루몬","성장기","DATA","상굴몬","성숙기","24시간","","","","","","","",""
"도루몬🚧","도루몬","성장기","DATA","데크스도루가몬","성숙기","24시간","","","","","","","",""
"도루몬🚧","도루가몬","성숙기","DATA","도루그레몬","완전체","36시간","2500","10","180","50%","","","",""
"도루몬🚧","도루가몬","성숙기","DATA","그레이드몬","완전체","36시간","","","","","","","",""
"도루몬🚧","도루가몬","성숙기","DATA","나이트몬","완전체","36시간","","","","","","","",""
"도루몬🚧","라프타드라몬","성숙기","VACCINE","도루그레몬","완전체","36시간","2500","10","180","50%","","","",""
"도루몬🚧","라프타드라몬","성숙기","VACCINE","그레이드몬","완전체","36시간","","","","","","","",""
"도루몬🚧","라프타드라몬","성숙기","VACCINE","아스타몬","완전체","36시간","2000","8","80","50%","","","",""
"도루몬🚧","상굴몬","성숙기","VIRUS","나이트몬","완전체","36시간","","","","","","","",""
"도루몬🚧","상굴몬","성숙기","VIRUS","메피스몬","완전체","36시간","","","","","","","",""
"도루몬🚧","상굴몬","성숙기","VIRUS","데크스도루그레몬","완전체","36시간","","","","","","","",""
"도루몬🚧","데크스도루가몬","성숙기","VIRUS","아스타몬","완전체","36시간","2000","8","80","50%","","","",""
"도루몬🚧","데크스도루가몬","성숙기","VIRUS","메피스몬","완전체","36시간","","","","","","","",""
"도루몬🚧","데크스도루가몬","성숙기","VIRUS","데크스도루그레몬","완전체","36시간","","","","","","","",""
"도루몬🚧","도루그레몬","완전체","DATA","알파몬","궁극체","48시간","7000","20","200","70%","던전 ★★★","","",""
"도루몬🚧","도루그레몬","완전체","DATA","도루고라몬","궁극체","48시간","5000","20","160","70%","","","",""
"도루몬🚧","그레이드몬","완전체","VACCINE","알파몬","궁극체","48시간","7000","20","200","70%","던전 ★★★","","",""
"도루몬🚧","그레이드몬","완전체","VACCINE","도루고라몬","궁극체","48시간","5000","20","160","70%","","","",""
"도루몬🚧","나이트몬","완전체","DATA","알파몬","궁극체","48시간","7000","20","200","70%","던전 ★★★","","",""
"도루몬🚧","나이트몬","완전체","DATA","도루고라몬","궁극체","48시간","5000","20","160","70%","","","",""
"도루몬🚧","나이트몬","완전체","DATA","그란드라큐몬","궁극체","48시간","","","","","","","",""
"도루몬🚧","아스타몬","완전체","VIRUS","그란드라큐몬","궁극체","48시간","","","","","","","",""
"도루몬🚧","아스타몬","완전체","VIRUS","데크스도루고라몬","궁극체","48시간","","","","","","","",""
"도루몬🚧","메피스몬","완전체","VIRUS","그란드라큐몬","궁극체","48시간","","","","","","","",""
"도루몬🚧","메피스몬","완전체","VIRUS","데크스도루고라몬","궁극체","48시간","","","","","","","",""
"도루몬🚧","데크스도루그레몬","완전체","VIRUS","데크스도루고라몬","궁극체","48시간","","","","","","","",""
"도루몬🚧","알파몬","궁극체","VACCINE","알파몬: 왕룡검","초궁극체","-","8000","30","320","70%","","오류우몬","",""
"에인션트 워리어즈(브이몬)","브이몬","성장기","FREE","골드브이드라몬","완전체","36시간","2000","6","80","50%","-","-","-",""
"솔라 세이버즈(아구몬s)🚧","깜몬 알","디지타마","FREE","깜몬","유년기 I","1시간","","","","","-","-","-",""
"솔라 세이버즈(아구몬s)🚧","깜몬","유년기 I","-","코로몬","유년기 II","1시간","","","","","-","-","-",""
"솔라 세이버즈(아구몬s)🚧","코로몬","유년기 II","-","아구몬(2006)","성장기","1시간","","","","","-","-","-",""
"솔라 세이버즈(아구몬s)🚧","아구몬(2006)","성장기","VACCINE","지오그레이몬","성숙기","24시간","","","","","","","",""
"솔라 세이버즈(아구몬s)🚧","아구몬(2006)","성장기","VACCINE","그레이몬O","성숙기","24시간","900","3","30","","-","-","-",""
"솔라 세이버즈(아구몬s)🚧","아구몬(2006)","성장기","VACCINE","티라노몬","성숙기","24시간","","","","","-","-","-",""
"솔라 세이버즈(아구몬s)🚧","아구몬(2006)","성장기","VACCINE","사이크로몬","성숙기","24시간","","","","","","","",""
"솔라 세이버즈(아구몬s)🚧","지오그레이몬","성숙기","VACCINE","라이즈그레이몬","완전체","36시간","","","","","","","",""
"솔라 세이버즈(아구몬s)🚧","지오그레이몬","성숙기","VACCINE","스컬그레이몬","완전체","36시간","","","","","","","",""
"솔라 세이버즈(아구몬s)🚧","그레이몬O","성숙기","VIRUS","라이즈그레이몬","완전체","36시간","","","","","","","",""
"솔라 세이버즈(아구몬s)🚧","그레이몬O","성숙기","VIRUS","마스터티라노몬","완전체","36시간","","","","50%","-","-","-",""
"솔라 세이버즈(아구몬s)🚧","지오그레이몬","성숙기","VACCINE","브라키몬","완전체","36시간","","","","","","","",""
"솔라 세이버즈(아구몬s)🚧","그레이몬O","성숙기","VIRUS","트리케라몬","완전체","36시간","","","","","","","",""
"솔라 세이버즈(아구몬s)🚧","티라노몬","성숙기","DATA","마스터티라노몬","완전체","36시간","","","","50%","-","-","-",""
"솔라 세이버즈(아구몬s)🚧","티라노몬","성숙기","DATA","엑스티라노몬","완전체","36시간","","","","","","","",""
"솔라 세이버즈(아구몬s)🚧","티라노몬","성숙기","DATA","브라키몬","완전체","36시간","","","","","","","",""
"솔라 세이버즈(아구몬s)🚧","라이즈그레이몬","완전체","VACCINE","샤인그레이몬","궁극체","48시간","","","","","","","",""
"솔라 세이버즈(아구몬s)🚧","라이즈그레이몬","완전체","VACCINE","건드라몬","궁극체","48시간","","","","","","","",""
"솔라 세이버즈(아구몬s)🚧","샤인그레이몬","궁극체","VACCINE","샤인그레이몬: 버스트 모드","초궁극체","3시간","7000","30","240","","던전 ★★★","","주황색 디지바이스 버스트","우호도 90 이상"
"솔라 세이버즈(아구몬s)🚧","샤인그레이몬","궁극체","VACCINE","샤인그레이몬: 루인모드","초궁극체","3시간","6000","25","240","","던전 ★★★","","주황색 디지바이스 버스트","우호도 50 이하"
"솔라 세이버즈(아구몬s)🚧","스컬그레이몬","완전체","VIRUS","샤인그레이몬","궁극체","48시간","","","","","","","",""
"솔라 세이버즈(아구몬s)🚧","스컬그레이몬","완전체","VIRUS","건드라몬","궁극체","48시간","","","","","","","",""
"솔라 세이버즈(아구몬s)🚧","마스터티라노몬","완전체","VACCINE","건드라몬","궁극체","48시간","","","","","","","",""
"솔라 세이버즈(아구몬s)🚧","마스터티라노몬","완전체","VACCINE","다이노렉스몬","궁극체","48시간","","","","","","","",""
"솔라 세이버즈(아구몬s)🚧","엑스티라노몬","완전체","VACCINE","매그너키드몬","궁극체","48시간","","","","","","","",""
"솔라 세이버즈(아구몬s)🚧","엑스티라노몬","완전체","VACCINE","샤인그레이몬","궁극체","48시간","","","","","","","",""
"솔라 세이버즈(아구몬s)🚧","브라키몬","완전체","DATA","매그너키드몬","궁극체","48시간","","","","","","","",""
"솔라 세이버즈(아구몬s)🚧","브라키몬","완전체","DATA","다이노렉스몬","궁극체","48시간","","","","","","","",""
"솔라 세이버즈(아구몬s)🚧","트리케라몬","완전체","DATA","매그너키드몬","궁극체","48시간","","","","","","","",""
"솔라 세이버즈(아구몬s)🚧","트리케라몬","완전체","DATA","다이노렉스몬","궁극체","48시간","","","","","","","",""
"솔라 세이버즈(아구몬s)🚧","사이크로몬","성숙기","VIRUS","스컬그레이몬","완전체","36시간","","","","","","","",""
"솔라 세이버즈(아구몬s)🚧","사이크로몬","성숙기","VIRUS","엑스티라노몬","완전체","36시간","","","","","","","",""
"솔라 세이버즈(아구몬s)🚧","사이크로몬","성숙기","VIRUS","트리케라몬","완전체","36시간","","","","","","","",""
"파피몬 EX","오메가몬 alter-S","초궁극체","VIRUS","오메가몬 Alter-B","초궁극체II","-","8000","30","320","70%","-","","블랙디지트론",""
"아구몬 EX","블리츠그레이몬","궁극체","VIRUS","오메가몬 alter-S","초궁극체","-","8000","30","320","70%","-","크레스가루몬,블리츠그레이몬","",""
"아구몬 EX","오메가몬 alter-S","초궁극체","VIRUS","오메가몬 alter-B","초궁극체II","-","8000","30","320","70%","-","","블랙디지트론",""
"파피몬 EX","메탈가루몬","궁극체","DATA","오메가몬","초궁극체","-","8000","30","320","70%","-","워그레이몬,메탈가루몬","",""
"파피몬 EX","오메가몬","초궁극체","VACCINE","오메가몬(X항체)","초궁극체II","-","8000","30","320","70%","-","","X항체",""
